symbol,action,total_score,trend_score,volume_score,close,change_pct,vol_ratio,avg_vol_20d,turnover_b,rsi14,trend_up,macd_positive,breakout_20d,notes
MMIX.JK,WATCH,7,4,3,220.0,3.7735849056603774,4.1501434918159275,6052610.0,5.526224,56.5711091437973,True,True,False,"strong_volume,momentum_confirmed,strong_daily_move"
OILS.JK,WATCH,7,4,3,274.0,5.384615384615385,2.149597854633894,81243010.0,47.8513052,60.814649427773745,True,True,False,"strong_volume,momentum_confirmed,strong_daily_move"
SIMP.JK,WATCH,7,4,3,645.0,2.380952380952381,2.027768846973648,15956010.0,20.8690395,65.76208029818926,True,True,False,"strong_volume,momentum_confirmed,strong_daily_move"
MSIN.JK,ADD,7,4,3,835.0,24.62686567164179,1.8108121827847914,29056575.0,43.93436,79.5798625307678,True,True,True,"near_breakout,strong_volume,strong_daily_move"
BEER.JK,WATCH,6,3,3,157.0,21.705426356589147,17.61702217188382,4277715.0,11.8316142,55.50390733111589,False,True,False,"strong_volume,momentum_confirmed,strong_daily_move"
MSKY.JK,WATCH,6,3,3,80.0,6.666666666666667,7.3885495158158845,60246710.0,35.610864,54.20966117166404,False,True,False,"strong_volume,momentum_confirmed,strong_daily_move"
YPAS.JK,WATCH,6,3,3,1390.0,20.346320346320347,4.469403383380131,215465.0,1.33857,86.57250324147992,True,True,False,"strong_volume,strong_daily_move"
MNCN.JK,WATCH,6,3,3,232.0,5.454545454545454,3.5277042039816493,27931140.0,22.8596096,58.73348440694248,False,True,False,"strong_volume,momentum_confirmed,strong_daily_move"
TEBE.JK,WATCH,6,3,3,1445.0,6.25,3.416947078617314,3628590.0,17.9161215,53.214990036279886,False,True,False,"strong_volume,momentum_confirmed,strong_daily_move"
ALKA.JK,WATCH,6,3,3,905.0,24.82758620689655,3.340970108301117,2031835.0,6.1434115,60.476703273991745,True,False,False,"strong_volume,strong_daily_move"
KRAS.JK,WATCH,6,3,3,314.0,3.289473684210526,2.9863725756780513,11860275.0,11.1216288,50.61054674302935,False,True,False,"strong_volume,momentum_confirmed,strong_daily_move"
ASPR.JK,WATCH,6,3,3,264.0,14.782608695652174,2.519110252748088,100780980.0,67.0238976,78.0391005278312,True,True,False,"strong_volume,strong_daily_move"
SURI.JK,WATCH,6,3,3,70.0,7.6923076923076925,2.5146699145554607,9602135.0,1.690234,52.29386104611233,False,True,False,"strong_volume,momentum_confirmed,strong_daily_move"
BMTR.JK,WATCH,6,3,3,137.0,-0.7246376811594203,2.1685898034935875,33279830.0,9.8873311,55.597377463854684,False,True,False,"strong_volume,momentum_confirmed"
GZCO.JK,WATCH,6,3,3,199.0,2.5773195876288657,2.143121744541079,23512430.0,10.02761,52.933038867305086,False,True,False,"strong_volume,momentum_confirmed,strong_daily_move"
MAPA.JK,WATCH,6,3,3,675.0,1.5037593984962405,2.120751924923052,34099415.0,48.81357,57.13605593403469,False,True,False,"strong_volume,momentum_confirmed"
CMNT.JK,WATCH,6,3,3,765.0,0.0,1.8959687232995883,8690175.0,12.6043695,58.00255338355563,False,True,False,"strong_volume,momentum_confirmed"
MSTI.JK,WATCH,6,4,2,1400.0,1.083032490974729,1.6078143287596185,1606280.0,3.61564,62.32286514633097,False,True,True,"near_breakout,momentum_confirmed"
AALI.JK,WATCH,6,4,2,7775.0,1.3029315960912053,1.285806307431411,760690.0,7.6047275,67.35062380193077,False,True,True,"near_breakout,momentum_confirmed"
DSNG.JK,WATCH,6,4,2,1670.0,0.0,1.2638792703251878,10512080.0,22.18762,65.6468824635526,True,True,False,momentum_confirmed
STAA.JK,WATCH,6,4,2,1350.0,5.88235294117647,1.2455211133227206,6624135.0,11.138175,68.72720972073772,False,True,True,"near_breakout,momentum_confirmed,strong_daily_move"
JAYA.JK,WATCH,6,4,2,128.0,1.5873015873015872,1.2097602932191323,114101695.0,17.6685696,51.49813804164184,True,True,False,momentum_confirmed
MEDS.JK,WATCH,5,2,3,61.0,3.389830508474576,12.145811579134914,17736040.0,13.1405346,44.778565862368715,False,True,False,"strong_volume,strong_daily_move"
VERN.JK,WATCH,5,2,3,130.0,14.035087719298245,10.845742273186245,2584830.0,3.644472,73.21556175336534,False,True,False,"strong_volume,strong_daily_move"
CHEM.JK,WATCH,5,2,3,137.0,-3.5211267605633805,8.923684186166305,128554090.0,157.1631257,73.08905574570271,False,True,False,strong_volume
KPIG.JK,WATCH,5,2,3,110.0,4.761904761904762,5.580687394762129,122754645.0,75.356083,42.67153723496974,False,True,False,"strong_volume,strong_daily_move"
BABP.JK,WATCH,5,2,3,52.0,1.9607843137254901,4.973599669678999,23274330.0,6.0193744,44.247498644542475,False,True,False,strong_volume
ESIP.JK,WATCH,5,2,3,67.0,3.076923076923077,3.415493916861483,20008175.0,4.5786326,48.549247958492515,False,True,False,"strong_volume,strong_daily_move"
TRON.JK,WATCH,5,2,3,135.0,-2.877697841726619,3.0478964737054226,18795225.0,7.7335965,47.111052587843176,False,True,False,strong_volume
AMOR.JK,WATCH,5,3,2,348.0,3.571428571428571,2.660958045215148,837330.0,0.7753788,56.753110985144,False,True,False,"strong_volume,momentum_confirmed,strong_daily_move"
ALDO.JK,WATCH,5,3,2,600.0,4.3478260869565215,2.538661910684533,213065.0,0.32454,64.58424672299807,False,True,False,"strong_volume,momentum_confirmed,strong_daily_move"
JAWA.JK,WATCH,5,3,2,163.0,3.1645569620253164,2.377850663502593,1626595.0,0.6304514,55.443217044341296,False,True,False,"strong_volume,momentum_confirmed,strong_daily_move"
BCAP.JK,WATCH,5,2,3,52.0,1.9607843137254901,2.2507116301760375,23644655.0,2.7672996,49.885448816952604,False,True,False,strong_volume
PEHA.JK,WATCH,5,3,2,306.0,4.081632653061225,2.0638256721036683,387775.0,0.2448918,65.18769115671705,False,True,False,"strong_volume,momentum_confirmed,strong_daily_move"
GJTL.JK,WATCH,5,3,2,1110.0,2.3041474654377883,1.7247216919148092,5041625.0,9.651894,62.61599746780574,False,True,False,"momentum_confirmed,strong_daily_move"
MAPI.JK,WATCH,5,3,2,1305.0,4.3999999999999995,1.672794485259535,27002540.0,58.9464585,60.03164730494171,False,True,False,"momentum_confirmed,strong_daily_move"
SRSN.JK,WATCH,5,3,2,63.0,3.278688524590164,1.657185684458803,20554305.0,2.1459249,59.473633454724194,False,True,False,"momentum_confirmed,strong_daily_move"
TALF.JK,WATCH,5,4,1,675.0,-14.556962025316455,1.614507447589919,415235.0,0.45252,51.94452960047272,True,True,False,momentum_confirmed
TBLA.JK,WATCH,5,3,2,700.0,-1.4084507042253522,1.5920517853756542,1951130.0,2.17441,61.96743942201341,False,True,False,momentum_confirmed
FORE.JK,WATCH,5,3,2,645.0,-0.7692307692307693,1.492864433283252,7181630.0,6.915174,74.2885321139376,True,True,False,-
TOTL.JK,WATCH,5,3,2,1050.0,1.4492753623188406,1.4307395123373547,3429625.0,5.152245,53.76630652675801,False,True,False,momentum_confirmed
LSIP.JK,WATCH,5,3,2,1485.0,2.768166089965398,1.3877000352053317,20820710.0,42.9059565,79.60690759168455,True,True,False,strong_daily_move
BWPT.JK,WATCH,5,3,2,127.0,-1.550387596899225,1.3113124711097295,74311350.0,12.3755658,50.552713812004114,False,True,False,momentum_confirmed
ARNA.JK,WATCH,5,3,2,530.0,1.9230769230769231,1.2884537543007488,4348080.0,2.969219,54.284704244880395,False,True,False,momentum_confirmed
MIDI.JK,WATCH,5,3,2,314.0,3.289473684210526,1.248675578088457,22170050.0,8.6925248,58.41235181187753,False,True,False,"momentum_confirmed,strong_daily_move"
TCPI.JK,WATCH,5,3,2,11775.0,1.948051948051948,1.2448125493226267,4555465.0,66.7724925,55.765709201678376,True,False,False,-
IMPC.JK,WATCH,5,3,2,2240.0,-1.7543859649122806,1.2355375047683343,28691885.0,79.407776,55.84542504291376,False,True,False,momentum_confirmed
MARK.JK,WATCH,5,3,2,785.0,1.948051948051948,1.233366808024024,10301315.0,9.9736605,51.26817400298382,False,True,False,momentum_confirmed
BSML.JK,WATCH,5,4,1,340.0,-2.857142857142857,1.1389862272935802,17928575.0,6.942936,59.1320236353984,True,True,False,momentum_confirmed
MSJA.JK,WATCH,5,4,1,472.0,-0.42194092827004215,1.0454042616527681,12429450.0,6.1330736,65.41071905474436,True,True,False,momentum_confirmed
AKRA.JK,WATCH,5,4,1,1350.0,0.37174721189591076,1.0353408813838687,33077415.0,46.23264,55.24043529744774,True,True,False,momentum_confirmed
TAPG.JK,WATCH,5,4,1,1850.0,2.4930747922437675,0.9901523463435734,37163675.0,68.075745,62.00175277400375,True,True,False,"momentum_confirmed,strong_daily_move"
MAIN.JK,WATCH,5,4,1,925.0,0.5434782608695652,0.9813318412728746,5075755.0,4.607425,65.19919559360383,True,True,False,momentum_confirmed
UNTR.JK,WATCH,5,4,1,30750.0,-0.5658852061438965,0.6636609759917661,4469300.0,91.207575,56.641060472704375,True,True,False,momentum_confirmed
BSSR.JK,WATCH,5,4,1,4090.0,0.0,0.4651883820720788,806340.0,1.534159,66.02041226352344,True,True,False,momentum_confirmed
ABMM.JK,WATCH,5,4,1,3040.0,0.6622516556291391,0.4353479172632631,2811085.0,3.720352,55.87399644283027,True,True,False,momentum_confirmed
ELPI.JK,WATCH,5,4,1,1910.0,-2.3017902813299234,0.36428794308955065,3733585.0,2.597791,58.25118505618766,True,True,False,momentum_confirmed
PMUI.JK,MONITOR,4,1,3,92.0,-1.0752688172043012,9.288608482822434,2680240.0,2.2904044,23.980908981561598,False,True,False,strong_volume
BATR.JK,MONITOR,4,1,3,84.0,-2.3255813953488373,8.40321245305507,5000540.0,3.5297304,36.3873611767359,False,True,False,strong_volume
COCO.JK,MONITOR,4,1,3,314.0,-12.290502793296088,5.798903515035902,13828735.0,25.180131,47.37159000670249,False,True,False,strong_volume
JAST.JK,MONITOR,4,1,3,99.0,1.0204081632653061,4.4901238288226795,15895330.0,7.065828,47.8238087423387,False,True,False,strong_volume
IOTF.JK,MONITOR,4,1,3,63.0,0.0,3.130381658721319,23047030.0,4.545198,45.024187048530784,False,True,False,strong_volume
SMLE.JK,MONITOR,4,1,3,128.0,0.7874015748031495,2.7460729269152204,3135605.0,1.1021568,42.6908120696512,False,True,False,strong_volume
SOHO.JK,MONITOR,4,1,3,2060.0,1.477832512315271,2.365757081683479,279065.0,1.360012,46.935457052233595,False,True,False,strong_volume
BBHI.JK,MONITOR,4,1,3,1300.0,-1.5151515151515151,2.339667458432304,387320.0,1.17806,40.23770702450561,False,True,False,strong_volume
UVCR.JK,MONITOR,4,1,3,122.0,1.6666666666666667,2.3227016653362718,5656215.0,1.6027994,42.83452830071274,False,True,False,strong_volume
IATA.JK,MONITOR,4,1,3,74.0,-2.631578947368421,2.151755722771643,182383435.0,29.0409004,42.99209146995438,False,True,False,strong_volume
GPRA.JK,MONITOR,4,1,3,98.0,-3.9215686274509802,2.085732710497567,22074305.0,4.5120278,36.97374459112649,False,True,False,strong_volume
NETV.JK,MONITOR,4,1,3,85.0,-5.555555555555555,1.9759641790559266,127884960.0,21.4791685,44.268336142831,False,True,False,strong_volume
WIIM.JK,MONITOR,4,1,3,1805.0,1.1204481792717087,1.950863357759176,4889630.0,17.217895,43.04728591683093,False,False,False,strong_volume
GPSO.JK,MONITOR,4,1,3,314.0,-1.257861635220126,1.9121674975418002,4647710.0,2.7905808,33.52348677192569,False,True,False,strong_volume
CUAN.JK,MONITOR,4,1,3,1045.0,-7.52212389380531,1.8340239119173511,207058260.0,396.838541,30.63074201528184,False,True,False,strong_volume
JARR.JK,MONITOR,4,2,2,2040.0,0.0,1.3731831692618146,1833550.0,5.136312,45.21412079480185,False,True,False,-
DEWA.JK,MONITOR,4,2,2,468.0,-7.326732673267326,1.294408209460041,719434405.0,435.8211624,48.3773500714767,False,True,False,-
PBID.JK,MONITOR,4,3,1,520.0,1.9607843137254901,1.2875291298153457,1435385.0,0.961012,77.81828828040976,True,True,False,-
HAJJ.JK,MONITOR,4,2,2,125.0,4.166666666666666,1.2423213814123764,10318425.0,1.60235,45.23477151529806,False,True,False,strong_daily_move
ITMG.JK,MONITOR,4,3,1,27325.0,-1.6201620162016201,1.1446461936816585,6970975.0,218.0343725,53.82625879307524,True,False,False,-
SIDO.JK,MONITOR,4,3,1,520.0,0.9708737864077669,1.1158332738365881,11975445.0,6.948552,51.14801754164037,False,True,False,momentum_confirmed
MGRO.JK,MONITOR,4,3,1,720.0,-1.36986301369863,1.1118255858738972,3024755.0,2.42136,54.49818431662284,False,True,False,momentum_confirmed
SRTG.JK,MONITOR,4,3,1,1775.0,0.56657223796034,1.058365218975684,9659520.0,18.1463575,57.42675974198119,False,True,False,momentum_confirmed
ADRO.JK,MONITOR,4,3,1,2500.0,0.4016064257028112,1.0318969390726458,114082420.0,294.30325,55.182675106765664,True,False,False,-
SILO.JK,MONITOR,4,3,1,2750.0,0.0,0.9839273984905964,1118985.0,3.02775,52.92514824912147,True,False,False,-
MOLI.JK,MONITOR,4,3,1,250.0,0.0,0.9808248557565621,4914435.0,1.20505,53.435064539716144,False,True,False,momentum_confirmed
AGII.JK,MONITOR,4,3,1,3330.0,-2.0588235294117645,0.9717957775181371,2208180.0,7.145847,57.37216946296751,True,False,False,-
BJBR.JK,MONITOR,4,3,1,825.0,0.6097560975609756,0.9011687137113147,3411015.0,2.5359675,55.16865797194125,False,True,False,momentum_confirmed
UNTD.JK,MONITOR,4,3,1,84.0,1.2048192771084338,0.8979251408678994,15346825.0,1.1575452,53.11329910249544,False,True,False,momentum_confirmed
TPMA.JK,MONITOR,4,3,1,600.0,0.0,0.874064724005348,6020950.0,3.15762,51.30696676054638,False,True,False,momentum_confirmed
AADI.JK,MONITOR,4,3,1,10850.0,2.1176470588235294,0.8294124083597768,32534840.0,292.78508,58.014010801553354,True,False,False,strong_daily_move
CBPE.JK,MONITOR,4,4,0,360.0,5.88235294117647,0.8025430245186248,630745.0,0.182232,62.51550637813306,True,True,False,"momentum_confirmed,strong_daily_move"
EURO.JK,MONITOR,4,3,1,2700.0,0.37174721189591076,0.7983666544219868,4927310.0,10.62126,87.22446844124563,True,True,False,-
MLBI.JK,MONITOR,4,3,1,5575.0,0.904977375565611,0.7628784899724734,241585.0,1.0274725,51.201616509365756,False,True,False,momentum_confirmed
SSIA.JK,MONITOR,4,3,1,1365.0,-0.7272727272727273,0.7234211314609253,11851050.0,11.7025545,54.46510504569765,False,True,False,momentum_confirmed
CPIN.JK,MONITOR,4,3,1,4250.0,2.4096385542168677,0.6892948977439236,14031440.0,41.10515,57.849071488333074,False,True,False,"momentum_confirmed,strong_daily_move"
DFAM.JK,MONITOR,4,3,1,94.0,-2.083333333333333,0.6846521305238311,25376975.0,1.6331936,52.87814442824827,False,True,False,momentum_confirmed
ASGR.JK,MONITOR,4,3,1,1630.0,-1.2121212121212122,0.6595472362211023,1000080.0,1.075148,54.8843840574195,False,True,False,momentum_confirmed
LABS.JK,MONITOR,4,4,0,157.0,-1.257861635220126,0.6104996505939903,1144800.0,0.1097273,60.635020395481796,True,True,False,momentum_confirmed
BJTM.JK,MONITOR,4,3,1,570.0,0.0,0.607017283404508,9901695.0,3.425985,51.801670740056615,False,True,False,momentum_confirmed
SICO.JK,MONITOR,4,3,1,133.0,3.10077519379845,0.6061114373898809,50016875.0,4.0320014,52.45526948394259,True,False,False,strong_daily_move
MBAP.JK,MONITOR,4,4,0,1820.0,-0.273972602739726,0.6004090639969858,371580.0,0.406042,56.48296179515849,True,True,False,momentum_confirmed
BNGA.JK,MONITOR,4,3,1,1805.0,0.8379888268156425,0.5161117368169035,5931080.0,5.5252855,52.248527165821486,False,True,False,momentum_confirmed
INDF.JK,MONITOR,4,3,1,6625.0,0.7604562737642585,0.4979226769904196,34811630.0,114.8344375,61.195888827885135,False,True,False,momentum_confirmed
GEMS.JK,MONITOR,4,3,1,8350.0,-2.9069767441860463,0.4883963247134603,263925.0,1.076315,50.993361339725574,False,True,False,momentum_confirmed
JPFA.JK,MONITOR,4,3,1,2440.0,-0.8130081300813009,0.4823595254977255,20083360.0,23.637256,52.12113105926975,False,True,False,momentum_confirmed
APLN.JK,MONITOR,4,3,1,159.0,-5.9171597633136095,0.46630936165404774,68768510.0,5.0987166,54.9756818146277,False,True,False,momentum_confirmed
WOWS.JK,MONITOR,4,3,1,77.0,-1.282051282051282,0.431555977245298,120889300.0,4.0171285,54.46580488539638,False,True,False,momentum_confirmed
IPCC.JK,MONITOR,4,3,1,1290.0,0.0,0.4213515524305519,1908620.0,1.037418,52.60214339118137,False,True,False,momentum_confirmed
SMMT.JK,MONITOR,4,4,0,1305.0,-0.38167938931297707,0.3891157291730148,328180.0,0.1666485,61.282250877204966,True,True,False,momentum_confirmed
PKPK.JK,MONITOR,4,3,1,1985.0,-1.7326732673267329,0.38772322256972913,1481985.0,1.140581,52.07547273873831,False,True,False,momentum_confirmed
NISP.JK,MONITOR,4,3,1,1490.0,0.6756756756756757,0.27236528838069796,4597135.0,1.865629,52.268147126345916,False,True,False,momentum_confirmed
TUGU.JK,MONITOR,4,3,1,1280.0,1.5873015873015872,0.2539152013771672,3578360.0,1.163008,50.971664454243886,True,False,False,-
PRDA.JK,MONITOR,4,4,0,2520.0,-2.3255813953488373,0.1833851815089635,826130.0,0.38178,52.44027429182423,True,True,False,momentum_confirmed
MGLV.JK,MONITOR,4,4,0,4700.0,0.0,0.0,363480.0,0.0,65.97100163755033,True,True,False,momentum_confirmed
TRJA.JK,MONITOR,3,1,2,130.0,4.838709677419355,11.619530839265298,599155.0,0.905047,40.362842075243904,False,True,False,"strong_volume,strong_daily_move"
FWCT.JK,MONITOR,3,0,3,92.0,-14.814814814814813,7.739611993441747,3552775.0,2.5297332,13.902195398177284,False,False,False,strong_volume
MITI.JK,MONITOR,3,0,3,238.0,-5.555555555555555,3.935884027832353,3308380.0,3.0990932,33.17475848929604,False,False,False,strong_volume
DATA.JK,MONITOR,3,0,3,2180.0,-14.84375,3.4032112663839333,3228010.0,23.948608,22.65136536891393,False,False,False,strong_volume
GRIA.JK,MONITOR,3,1,2,99.0,3.125,3.0615454977535848,2787775.0,0.8449551,37.46727789682261,False,True,False,"strong_volume,strong_daily_move"
AVIA.JK,MONITOR,3,0,3,372.0,1.639344262295082,3.029585412955008,14108135.0,15.8999496,31.74311229597575,False,False,False,strong_volume
WINE.JK,MONITOR,3,1,2,176.0,-1.675977653631285,2.938235269290399,1776985.0,0.9189312,34.61660105334495,False,True,False,strong_volume
KAEF.JK,MONITOR,3,1,2,462.0,-0.8583690987124464,2.321186516142437,505345.0,0.541926,35.86191242619627,False,True,False,strong_volume
SNLK.JK,MONITOR,3,0,3,234.0,0.8620689655172413,2.2151898734177213,7007300.0,3.632265,31.06385584887886,False,False,False,strong_volume
UCID.JK,MONITOR,3,1,2,410.0,-2.380952380952381,2.1642222887359073,1002300.0,0.889372,41.2062534057629,False,True,False,strong_volume
BAJA.JK,MONITOR,3,1,2,145.0,-2.684563758389262,2.00401697933281,1184970.0,0.3443315,47.66996521944414,False,True,False,strong_volume
ERAA.JK,MONITOR,3,0,3,360.0,-3.7433155080213902,1.825029399129288,54852815.0,36.03888,31.079970434235875,False,False,False,strong_volume
CSIS.JK,MONITOR,3,1,2,154.0,0.6535947712418301,1.7818779771860969,5305975.0,1.4560084,26.35129143781174,False,True,False,-
DEFI.JK,MONITOR,3,1,2,60.0,-13.043478260869565,1.7612467276090533,10779580.0,1.13913,26.650645979293742,False,True,False,-
KEEN.JK,MONITOR,3,1,2,855.0,-3.389830508474576,1.6038342795887877,10732655.0,14.717457,36.1180027694667,False,True,False,-
LPIN.JK,MONITOR,3,2,1,444.0,-2.631578947368421,1.5755448045553795,233570.0,0.163392,46.9864044421071,False,True,False,-
CARE.JK,MONITOR,3,1,2,408.0,-0.9708737864077669,1.5692550546409731,1602735.0,1.0261608,37.17325429154955,False,True,False,-
NZIA.JK,MONITOR,3,1,2,181.0,-4.232804232804233,1.5369608779375719,54724620.0,15.2238376,43.85165616198465,False,False,False,-
LUCY.JK,MONITOR,3,1,2,1025.0,9.62566844919786,1.3442339988803882,857440.0,1.181415,26.106645564112,False,False,False,strong_daily_move
ASRI.JK,MONITOR,3,1,2,131.0,-2.2388059701492535,1.2701120881591093,24956695.0,4.1524118,39.5517048986495,False,True,False,-
BULL.JK,MONITOR,3,1,2,386.0,-6.763285024154589,1.2654037206470814,459562265.0,224.4712748,47.419122512289434,False,True,False,-
BTPS.JK,MONITOR,3,1,2,1065.0,-2.293577981651376,1.2630095372458892,7031380.0,9.4579455,43.466727722197774,False,True,False,-
ELIT.JK,MONITOR,3,1,2,202.0,-6.481481481481481,1.258892942898313,7519305.0,1.912132,44.53248339968105,False,True,False,-
BRPT.JK,MONITOR,3,1,2,1280.0,-12.32876712328767,1.2367965136945476,97253670.0,153.96224,32.19043994598066,False,True,False,-
BUAH.JK,MONITOR,3,2,1,520.0,0.0,1.2288108073001234,230955.0,0.147576,46.69165387461985,False,True,False,-
TMPO.JK,MONITOR,3,2,1,126.0,0.0,1.2029938722418607,2314060.0,0.3507588,44.95818193666622,False,True,False,-
FUJI.JK,MONITOR,3,2,1,398.0,0.0,1.1569203116112123,6320055.0,2.9100964,49.19853295604403,False,True,False,-
TFAS.JK,MONITOR,3,3,0,224.0,5.660377358490567,1.136446891308618,941795.0,0.2397472,50.358826264495,False,True,False,"momentum_confirmed,strong_daily_move"
CFIN.JK,MONITOR,3,3,0,334.0,1.2121212121212122,1.0716638715860087,2003520.0,0.7171314,56.532992707145844,False,True,False,momentum_confirmed
BMHS.JK,MONITOR,3,3,0,193.0,-1.530612244897959,1.0169214252850058,1956100.0,0.3839156,53.95050334678649,False,True,False,momentum_confirmed
SSMS.JK,MONITOR,3,2,1,1425.0,0.35211267605633806,0.9806876981758105,6558255.0,9.16503,47.93526461826067,False,True,False,-
BLES.JK,MONITOR,3,3,0,154.0,4.054054054054054,0.9329725801729216,2834810.0,0.4072992,60.455989626481944,False,True,False,"momentum_confirmed,strong_daily_move"
AMAN.JK,MONITOR,3,3,0,310.0,1.3071895424836601,0.8005122847224563,2967100.0,0.736312,55.26227651246444,True,False,False,-
BUMI.JK,MONITOR,3,2,1,228.0,-4.201680672268908,0.780238571727356,4152489530.0,738.70461,46.06806581904302,False,True,False,-
PTBA.JK,MONITOR,3,2,1,2910.0,-2.348993288590604,0.7367919558403792,56956105.0,122.117568,51.28484543779968,False,False,False,-
BBYB.JK,MONITOR,3,2,1,304.0,-1.2987012987012987,0.7066688499271235,34627110.0,7.4388496,42.909742372321745,False,True,False,-
CTRA.JK,MONITOR,3,2,1,715.0,0.7042253521126761,0.6985175808234669,19701580.0,9.8397585,44.3283131302173,False,True,False,-
SAFE.JK,MONITOR,3,3,0,400.0,-1.477832512315271,0.6497525397238865,479875.0,0.12472,55.15288244446013,False,True,False,momentum_confirmed
GULA.JK,MONITOR,3,2,1,324.0,0.6211180124223602,0.6416495138376341,8725480.0,1.8139788,49.549919642964355,False,True,False,-
PGEO.JK,MONITOR,3,2,1,1020.0,-3.3175355450236967,0.6312283073439791,18426455.0,11.863926,45.55694328840786,False,True,False,-
ICBP.JK,MONITOR,3,2,1,7375.0,-0.33783783783783783,0.612336800195416,6017930.0,27.176875,45.955247322593955,False,True,False,-
MTDL.JK,MONITOR,3,3,0,575.0,-1.7094017094017095,0.5798991670320035,1824800.0,0.608465,53.51765336985501,False,True,False,momentum_confirmed
EXCL.JK,MONITOR,3,2,1,2900.0,-3.3333333333333335,0.517481029920856,27453760.0,41.19972,48.046213064074585,False,True,False,-
SCMA.JK,MONITOR,3,2,1,260.0,-4.411764705882353,0.5167031265482745,123978735.0,16.655652,46.672539295175014,False,True,False,-
TBIG.JK,MONITOR,3,2,1,1625.0,-0.9146341463414633,0.5151607169780069,2354605.0,1.971125,46.19980253161923,False,True,False,-
IDPR.JK,MONITOR,3,3,0,306.0,-0.6493506493506493,0.5000978142951146,281145.0,0.0430236,59.02898676535155,True,False,False,-
KING.JK,MONITOR,3,3,0,254.0,-0.78125,0.4742667059064844,560655.0,0.0675386,56.00773448623267,True,False,False,-
MKAP.JK,MONITOR,3,3,0,1075.0,0.0,0.4642593390362484,1299920.0,0.6487625,66.70205352610684,True,False,False,-
VKTR.JK,MONITOR,3,2,1,775.0,-4.9079754601226995,0.46058174037012983,74211800.0,26.489965,48.295628612236044,False,True,False,-
BSDE.JK,MONITOR,3,2,1,765.0,2.0,0.4604403123398479,16419935.0,5.783706,44.507121349997185,False,True,False,-
BAIK.JK,MONITOR,3,3,0,326.0,-1.2121212121212122,0.4282983499416102,5942820.0,0.8297678,52.62754992028565,False,True,False,momentum_confirmed
DGIK.JK,MONITOR,3,3,0,128.0,-1.5384615384615385,0.41217489454100226,2090860.0,0.1103104,52.41263350997438,False,True,False,momentum_confirmed
SLIS.JK,MONITOR,3,2,1,83.0,-4.597701149425287,0.398574047741287,41438975.0,1.3708695,48.37902313095412,False,True,False,-
SPTO.JK,MONITOR,3,3,0,655.0,0.0,0.38364975349563474,2686565.0,0.6751085,59.01267573040039,False,True,False,momentum_confirmed
MBMA.JK,MONITOR,3,2,1,730.0,0.0,0.37002606173173846,221259280.0,59.766341,50.562070191199155,False,False,False,-
SMSM.JK,MONITOR,3,2,1,1770.0,0.0,0.3649377307791283,1670970.0,1.079346,49.72613376441336,False,True,False,-
CGAS.JK,MONITOR,3,3,0,168.0,0.0,0.3428698148216017,16098530.0,0.9273096,50.250908438603815,False,True,False,momentum_confirmed
BOBA.JK,MONITOR,3,3,0,169.0,5.625,0.3409065638782847,1349050.0,0.0777231,52.33529832674166,False,True,False,"momentum_confirmed,strong_daily_move"
TOWR.JK,MONITOR,3,2,1,494.0,-0.8032128514056224,0.3219103411135776,24743225.0,3.9347594,49.80853909527503,False,True,False,-
RAAM.JK,MONITOR,3,3,0,210.0,-0.9433962264150944,0.2872691226153628,1730085.0,0.10437,53.93001870990208,False,True,False,momentum_confirmed
EMAS.JK,MONITOR,3,2,1,8200.0,-3.2448377581120944,0.28500258948459356,33587765.0,78.49532,51.47017414049915,False,False,False,-
SCNP.JK,MONITOR,3,3,0,183.0,1.1049723756906076,0.27409517978665787,424670.0,0.0213012,51.090703184561505,False,True,False,momentum_confirmed
MERI.JK,MONITOR,3,3,0,148.0,-0.6711409395973155,0.19130162006059417,33249065.0,0.9413688,51.96848949876088,False,True,False,momentum_confirmed
TRIN.JK,MONITOR,3,2,1,785.0,-1.257861635220126,0.18979762796007774,16843730.0,2.5095665,44.1271724454233,False,True,False,-
OMED.JK,MONITOR,3,3,0,252.0,-3.076923076923077,0.18566135150958865,15192715.0,0.7108164,58.62050491702885,True,False,False,-
GSMF.JK,MONITOR,3,3,0,99.0,-1.9801980198019802,0.13215818083522637,23130615.0,0.3026331,50.297346666934345,False,True,False,momentum_confirmed
SAME.JK,MONITOR,3,3,0,344.0,-1.1494252873563218,0.1222267316017316,1478400.0,0.0621608,52.53429977986023,False,True,False,momentum_confirmed
HERO.JK,MONITOR,3,3,0,424.0,1.9230769230769231,0.11820608336022058,340930.0,0.0170872,54.809410648343075,False,True,False,momentum_confirmed
CMNP.JK,MONITOR,3,3,0,1440.0,-0.34602076124567477,0.09587489722148963,322295.0,0.044496,52.79746477281125,False,True,False,momentum_confirmed
GDYR.JK,MONITOR,3,3,0,1110.0,0.0,0.02996303473432233,307045.0,0.010212,51.13211602808792,True,False,False,-
WGSH.JK,MONITOR,2,0,2,117.0,-8.59375,6.238574688341992,775690.0,0.5661864,23.367985610524542,False,False,False,strong_volume
CRAB.JK,MONITOR,2,0,2,212.0,-1.8518518518518516,2.502761973153621,724120.0,0.3842076,29.09910100269748,False,False,False,strong_volume
IMAS.JK,MONITOR,2,0,2,980.0,-1.507537688442211,2.266032579763637,281770.0,0.62573,40.021886134529,False,False,False,strong_volume
PEGE.JK,MONITOR,2,0,2,122.0,-6.870229007633588,1.8099325070702748,3458140.0,0.763598,24.755201305709747,False,False,False,strong_volume
ATAP.JK,MONITOR,2,0,2,456.0,-14.766355140186915,1.7843168081612688,4579680.0,3.7262496,23.56684849830974,False,False,False,-
UDNG.JK,MONITOR,2,0,2,830.0,-0.5988023952095809,1.7481300428058635,1562870.0,2.267643,20.308833894277512,False,False,False,-
PPRE.JK,MONITOR,2,0,2,103.0,-10.434782608695652,1.7185984139680839,69071750.0,12.2267798,26.33593984361923,False,False,False,-
HELI.JK,MONITOR,2,1,1,202.0,-3.8095238095238098,1.7040555581683363,637890.0,0.219574,49.23871041462472,False,True,False,-
PSGO.JK,MONITOR,2,1,1,199.0,-0.5,1.6435826408125578,471105.0,0.1540857,46.35201109479583,False,True,False,-
IKPM.JK,MONITOR,2,1,1,210.0,-11.016949152542372,1.5984679720170398,511740.0,0.17178,41.86268718897458,False,True,False,-
ADMR.JK,MONITOR,2,0,2,1880.0,-6.467661691542288,1.5947485021766423,62417240.0,187.134824,44.29079309772532,False,False,False,-
RSCH.JK,MONITOR,2,0,2,320.0,-2.4390243902439024,1.557675118061629,10902145.0,5.43424,38.64424204258128,False,False,False,-
IDEA.JK,MONITOR,2,0,2,75.0,0.0,1.5504358431810636,13946530.0,1.62174,25.66764689876389,False,False,False,-
SMKM.JK,MONITOR,2,0,2,80.0,-8.045977011494253,1.528636690238548,9060230.0,1.107984,25.56369800744426,False,False,False,-
SSTM.JK,MONITOR,2,1,1,595.0,1.7094017094017095,1.5000696013449122,933890.0,0.8335355,36.46359009501949,False,True,False,-
DGWG.JK,MONITOR,2,0,2,354.0,-3.804347826086957,1.464618611188317,11405290.0,5.9133576,39.30867054283486,False,False,False,-
APEX.JK,MONITOR,2,0,2,197.0,3.684210526315789,1.4553605584269844,104602395.0,29.9901374,47.2080639157838,False,False,False,strong_daily_move
ALII.JK,MONITOR,2,0,2,675.0,-6.896551724137931,1.4461157180237543,1807670.0,1.7645175,39.65677302045532,False,False,False,-
BREN.JK,MONITOR,2,0,2,4800.0,-12.727272727272727,1.383892014067758,10666945.0,70.85712,19.832235083859885,False,False,False,-
BAPA.JK,MONITOR,2,1,1,74.0,-5.128205128205128,1.3530009520432278,5456685.0,0.5463346,40.03468516403219,False,True,False,-
FMII.JK,MONITOR,2,1,1,222.0,1.834862385321101,1.328463652629443,271065.0,0.0799422,42.760150570685504,False,True,False,-
TSPC.JK,MONITOR,2,0,2,2380.0,-1.6528925619834711,1.3261128936280915,1672105.0,5.277412,15.091672206780089,False,False,False,-
MIKA.JK,MONITOR,2,1,1,2100.0,-0.47393364928909953,1.1930672341537054,2603290.0,6.52239,41.55464565687108,False,True,False,-
KETR.JK,MONITOR,2,1,1,396.0,-5.714285714285714,1.1032537686750035,19302540.0,8.4330576,33.55223645614056,False,True,False,-
PYFA.JK,MONITOR,2,1,1,296.0,-5.128205128205128,1.102844947865108,17566930.0,5.7345856,32.207692802540876,False,True,False,-
KOCI.JK,MONITOR,2,1,1,120.0,-8.396946564885496,1.076684054358158,23876085.0,3.08484,45.39108208218259,False,True,False,-
HATM.JK,MONITOR,2,1,1,304.0,-3.1847133757961785,1.0172940412715643,18792600.0,5.8117504,42.31131102781892,False,True,False,-
RCCC.JK,MONITOR,2,1,1,108.0,1.8867924528301887,1.0088103596677014,10340100.0,1.1265696,38.29527294122513,False,True,False,-
BEEF.JK,MONITOR,2,1,1,234.0,0.0,1.0031049439726047,5744065.0,1.3482846,32.946460509582124,False,True,False,-
AYLS.JK,MONITOR,2,1,1,184.0,-0.5405405405405406,0.9760272211020122,7776320.0,1.3965416,41.01900256229703,False,True,False,-
KIOS.JK,MONITOR,2,1,1,104.0,0.0,0.962563117826706,20947925.0,2.0970248,42.814626875498895,False,True,False,-
JTPE.JK,MONITOR,2,1,1,570.0,-6.557377049180328,0.95413928070305,2979020.0,1.620168,46.128683422150495,False,True,False,-
MYOR.JK,MONITOR,2,1,1,1865.0,-0.5333333333333333,0.9223392979001364,13269195.0,22.8251755,39.79480855193925,False,True,False,-
DSSA.JK,MONITOR,2,1,1,70375.0,2.69974461875228,0.9102216615251181,2536525.0,162.4818,43.20561269951423,False,True,False,strong_daily_move
AYAM.JK,MONITOR,2,1,1,302.0,-1.948051948051948,0.9086628241330068,24761440.0,6.7949396,39.83385960784473,False,True,False,-
MTEL.JK,MONITOR,2,1,1,520.0,-2.803738317757009,0.9006456464684064,10584740.0,4.957212,43.4231116144296,False,True,False,-
ASLI.JK,MONITOR,2,1,1,300.0,-1.3157894736842104,0.8981049428666633,12889585.0,3.47286,38.40260747425916,False,True,False,-
TLDN.JK,MONITOR,2,2,0,640.0,0.0,0.8876499328348451,841210.0,0.477888,49.43764697240538,False,True,False,-
HOKI.JK,MONITOR,2,1,1,66.0,0.0,0.8657775935593209,41593130.0,2.3766864,35.27553893603353,False,True,False,-
FIRE.JK,MONITOR,2,1,1,138.0,-7.38255033557047,0.8507567422781739,18069560.0,2.1214464,43.63291242707584,False,True,False,-
ASII.JK,MONITOR,2,1,1,6075.0,-2.8000000000000003,0.8143403084949408,46470130.0,229.8931875,45.47011834096452,False,True,False,-
PSAB.JK,MONITOR,2,1,1,510.0,-2.857142857142857,0.8073486523416994,99291675.0,40.88313,49.007381256257254,False,True,False,-
ENRG.JK,MONITOR,2,1,1,1500.0,-3.536977491961415,0.8040094176049807,290606795.0,350.4759,46.65501896403093,False,False,False,-
GMFI.JK,MONITOR,2,1,1,60.0,-4.761904761904762,0.8027528044544233,152642880.0,7.35207,45.90400025475084,False,True,False,-
EMTK.JK,MONITOR,2,1,1,735.0,-3.289473684210526,0.8013249054151869,39691890.0,23.3774835,38.49720436402308,False,True,False,-
NOBU.JK,MONITOR,2,1,1,550.0,-4.3478260869565215,0.7794918336418005,7426505.0,3.183895,45.03043129211599,False,False,False,-
TKIM.JK,MONITOR,2,1,1,8400.0,-5.617977528089887,0.7655117907533739,4156435.0,26.72712,45.71837624199706,False,False,False,-
MLPL.JK,MONITOR,2,1,1,91.0,-4.2105263157894735,0.7529057276568111,41146320.0,2.8191163,36.538198290541224,False,True,False,-
BUVA.JK,MONITOR,2,1,1,980.0,-10.909090909090908,0.743366431674739,218644390.0,159.282242,42.94607601580893,False,True,False,-
CNMA.JK,MONITOR,2,1,1,105.0,0.9615384615384616,0.7416084120346064,13437415.0,1.0463565,44.99741964214986,False,True,False,-
KBLV.JK,MONITOR,2,1,1,107.0,-0.9259259259259258,0.738965937790822,14119460.0,1.1164166,38.52703599495462,False,True,False,-
DRMA.JK,MONITOR,2,1,1,975.0,0.5154639175257731,0.7388196684837023,1438240.0,1.036035,44.41187498105249,False,True,False,-
BDKR.JK,MONITOR,2,1,1,150.0,-2.5974025974025974,0.7146300424512145,17342260.0,1.858995,45.15195533902434,False,True,False,-
DEWI.JK,MONITOR,2,1,1,117.0,-4.098360655737705,0.6970615778466909,24341465.0,1.9851975,39.92796719631255,False,True,False,-
INET.JK,MONITOR,2,1,1,256.0,-7.913669064748201,0.6916719739386135,267902860.0,47.4370304,37.63813556387846,False,True,False,-
UNVR.JK,MONITOR,2,1,1,1930.0,1.0471204188481675,0.6909389603133977,25425835.0,33.905661,44.43822853303648,False,True,False,-
PTRO.JK,MONITOR,2,1,1,4300.0,-6.724511930585683,0.6893623227897642,81176180.0,240.62714,31.745326649456587,False,True,False,-
WIFI.JK,MONITOR,2,1,1,2130.0,-5.752212389380531,0.6845722697239985,29632810.0,43.208754,44.31640034460249,False,True,False,-
MEDC.JK,MONITOR,2,1,1,1605.0,-4.747774480712167,0.6662991927976648,262059450.0,280.24905,42.86074449130096,False,False,False,-
IPCM.JK,MONITOR,2,2,0,330.0,0.0,0.6246279481181511,1192710.0,0.24585,48.77574142784093,False,True,False,-
GIAA.JK,MONITOR,2,1,1,68.0,-2.857142857142857,0.6146840389725683,250130295.0,10.4550748,40.195978843666175,False,True,False,-
WEHA.JK,MONITOR,2,1,1,124.0,-6.0606060606060606,0.5987645464557106,33002455.0,2.4503268,46.23011413659235,False,True,False,-
BIPI.JK,MONITOR,2,1,1,196.0,-8.411214953271028,0.5976836073097197,1619760335.0,189.7484232,45.176379903219555,False,False,False,-
ARTO.JK,MONITOR,2,1,1,1295.0,-1.893939393939394,0.5882298745279828,3798855.0,2.893807,32.07489418479051,False,True,False,-
JRPT.JK,MONITOR,2,2,0,1110.0,0.4524886877828055,0.587515299877601,212420.0,0.138528,54.932061789444596,False,False,False,-
EAST.JK,MONITOR,2,2,0,91.0,0.0,0.5859459067018957,1928335.0,0.1028209,45.12159634510853,False,True,False,-
LEAD.JK,MONITOR,2,1,1,131.0,-7.092198581560284,0.5830055405859108,112035985.0,8.5566056,45.29357771172226,False,True,False,-
BANK.JK,MONITOR,2,2,0,520.0,0.0,0.574627282132294,1164755.0,0.348036,49.42996290805422,False,True,False,-
HRTA.JK,MONITOR,2,1,1,2340.0,-7.874015748031496,0.5563309848388438,29270525.0,38.104794,43.65919926862772,False,False,False,-
DKFT.JK,MONITOR,2,1,1,695.0,-2.112676056338028,0.5522389061888986,15637435.0,6.001742,39.75194300549521,False,True,False,-
DMAS.JK,MONITOR,2,1,1,132.0,-0.7518796992481203,0.5440753836020447,31852020.0,2.2875468,47.09940639209109,False,True,False,-
BRMS.JK,MONITOR,2,1,1,735.0,-5.769230769230769,0.5393782005291298,439100245.0,174.0782085,40.10124386455805,False,True,False,-
CDIA.JK,MONITOR,2,1,1,810.0,-5.263157894736842,0.5382984578975646,62769825.0,27.369009,34.35790997030496,False,True,False,-
HUMI.JK,MONITOR,2,1,1,174.0,-7.936507936507936,0.5336351585117197,210276250.0,19.5246792,41.79762611692233,False,True,False,-
AGRS.JK,MONITOR,2,2,0,70.0,1.4492753623188406,0.5330083770949569,3659980.0,0.136556,44.72231490542588,False,True,False,-
INDY.JK,MONITOR,2,1,1,3410.0,2.4024024024024024,0.528677983604022,29710335.0,53.561552,48.12547038827973,False,False,False,strong_daily_move
VISI.JK,MONITOR,2,2,0,575.0,-4.166666666666666,0.5158417289396285,3316715.0,0.9837675,48.96145870160803,False,True,False,-
CBDK.JK,MONITOR,2,1,1,4540.0,-4.621848739495799,0.511285205505591,4140155.0,9.610272,33.15860164588288,False,True,False,-
SWID.JK,MONITOR,2,2,0,98.0,-1.0101010101010102,0.5089879953995159,7360095.0,0.3671276,45.23912531877388,False,True,False,-
RMKE.JK,MONITOR,2,1,1,2750.0,-6.779661016949152,0.5069169095206676,17073015.0,23.80015,29.418987654613332,False,True,False,-
GTSI.JK,MONITOR,2,1,1,200.0,-8.256880733944955,0.505273187043307,155126775.0,15.67628,40.96650362128345,False,True,False,-
COIN.JK,MONITOR,2,1,1,1090.0,-3.9647577092511015,0.5050947424142422,8916545.0,4.909033,30.85962435677277,False,True,False,-
AMRT.JK,MONITOR,2,1,1,1440.0,-2.3728813559322033,0.503228091365328,43002965.0,31.162032,37.5048122691725,False,True,False,-
ESTI.JK,MONITOR,2,1,1,164.0,-5.747126436781609,0.5021485738917615,17491835.0,1.440494,46.32601980544978,False,True,False,-
BLOG.JK,MONITOR,2,2,0,384.0,1.0526315789473684,0.5012515104436389,926880.0,0.1784064,47.13089146316872,False,True,False,-
INDO.JK,MONITOR,2,1,1,164.0,-5.747126436781609,0.49744586440843547,15559080.0,1.2693272,33.679569773530844,False,True,False,-
BFIN.JK,MONITOR,2,1,1,685.0,-2.142857142857143,0.4949480829702353,22677530.0,7.688577,36.907617537182475,False,False,False,-
MBSS.JK,MONITOR,2,1,1,1515.0,-2.258064516129032,0.49388024849099,2837125.0,2.122818,37.16377479229964,False,True,False,-
NICL.JK,MONITOR,2,1,1,850.0,-3.4090909090909087,0.46826838161425827,25681640.0,10.222015,38.91846228905526,False,True,False,-
JSMR.JK,MONITOR,2,1,1,3080.0,-0.3236245954692557,0.45603936810962714,5898175.0,8.284584,32.106398249459374,False,True,False,-
DOOH.JK,MONITOR,2,1,1,122.0,-4.6875,0.45295100691049245,59147015.0,3.2684654,36.93731336773969,False,True,False,-
NRCA.JK,MONITOR,2,1,1,545.0,-4.385964912280701,0.4445647941202457,6111820.0,1.4808195,35.25678917710678,False,True,False,-
WIRG.JK,MONITOR,2,1,1,79.0,-2.4691358024691357,0.437452215099391,77240665.0,2.6693389,46.74321908630621,False,True,False,-
FUTR.JK,MONITOR,2,1,1,220.0,-7.563025210084033,0.4360209451092239,17834235.0,1.710742,32.17672188932822,False,True,False,-
KRYA.JK,MONITOR,2,1,1,55.0,1.8518518518518516,0.4345729849548158,52620160.0,1.2577015,25.17069455592309,False,True,False,-
TLKM.JK,MONITOR,2,1,1,3130.0,-0.6349206349206349,0.4279826328621179,131508140.0,176.166416,45.61725214241023,False,True,False,-
ARKO.JK,MONITOR,2,1,1,6300.0,-5.970149253731343,0.4160522944985594,3099370.0,8.12385,45.47482354896404,False,True,False,-
ESSA.JK,MONITOR,2,1,1,675.0,0.7462686567164178,0.41458247772033885,216961895.0,60.715305,43.42269471254505,False,False,False,-
KLBF.JK,MONITOR,2,1,1,970.0,-1.0204081632653061,0.4042113959588985,44446545.0,17.426826,39.62439202749006,False,True,False,-
ASPI.JK,MONITOR,2,2,0,318.0,0.6329113924050633,0.4014113146989965,454895.0,0.0580668,46.09214311038407,False,True,False,-
BNII.JK,MONITOR,2,2,0,206.0,0.9803921568627451,0.39970374617737003,1674240.0,0.1378552,47.73828297205812,False,True,False,-
RAJA.JK,MONITOR,2,1,1,3650.0,-4.450261780104712,0.3956412399943204,29121585.0,42.054205,41.826380946963006,False,True,False,-
RATU.JK,MONITOR,2,1,1,4920.0,-4.9275362318840585,0.3931797050310312,12174840.0,23.551548,37.86319971010551,False,True,False,-
FILM.JK,MONITOR,2,1,1,2910.0,-5.825242718446602,0.3914341996568596,5035840.0,5.736192,21.921383830937785,False,True,False,-
MDKA.JK,MONITOR,2,1,1,3260.0,-2.3952095808383236,0.39098209841875436,66032435.0,84.16505,48.836020894585985,False,False,False,-
ULTJ.JK,MONITOR,2,1,1,1535.0,0.0,0.3888415789907425,3640300.0,2.1727925,46.542913975657406,False,False,False,-
PANI.JK,MONITOR,2,1,1,7650.0,-2.547770700636943,0.38745908955667957,4033200.0,11.954655,35.46871633060209,False,True,False,-
INAI.JK,MONITOR,2,2,0,193.0,0.0,0.38463297550120923,5356795.0,0.3976572,48.34044232726935,False,True,False,-
KIJA.JK,MONITOR,2,1,1,174.0,-3.3333333333333335,0.3837054174905492,109651045.0,7.3208238,38.69262461531035,False,True,False,-
ZATA.JK,MONITOR,2,1,1,74.0,-7.5,0.3805395676645563,399728735.0,11.2563324,33.40632683184478,False,False,False,-
INKP.JK,MONITOR,2,1,1,9625.0,-3.2663316582914574,0.3780794916811319,10096025.0,36.7395875,48.142903023525335,False,True,False,-
KDTN.JK,MONITOR,2,2,0,955.0,-4.0201005025125625,0.37719905522072,982240.0,0.3538275,46.928595314866904,False,True,False,-
PNLF.JK,MONITOR,2,1,1,236.0,-0.8403361344537815,0.3709481110268232,38274895.0,3.350728,37.462763940356716,False,True,False,-
PWON.JK,MONITOR,2,1,1,338.0,-0.5882352941176471,0.36822821406504347,34497085.0,4.2935464,41.80174310408415,False,True,False,-
PSKT.JK,MONITOR,2,1,1,246.0,-6.106870229007633,0.36021821899616013,38820635.0,3.4400394,45.26596591032531,False,True,False,-
AHAP.JK,MONITOR,2,1,1,107.0,-4.464285714285714,0.34809649412054783,52359045.0,1.950182,41.82261656469647,False,True,False,-
JKON.JK,MONITOR,2,2,0,73.0,1.3888888888888888,0.34104887619947055,15522995.0,0.3864693,45.87884394928273,False,True,False,-
ISAT.JK,MONITOR,2,1,1,2080.0,-0.9523809523809524,0.33802507604421694,16848750.0,11.846224,45.079575997821635,False,True,False,-
MAHA.JK,MONITOR,2,2,0,147.0,-0.6756756756756757,0.33714610393828276,14625410.0,0.7248423,47.37746309519421,False,True,False,-
MPXL.JK,MONITOR,2,2,0,150.0,-1.9607843137254901,0.336676317961199,1429860.0,0.07221,46.63549820722028,False,True,False,-
BKSL.JK,MONITOR,2,1,1,108.0,-3.571428571428571,0.33650280846176056,322471900.0,11.7193716,42.000839866419724,False,True,False,-
KKGI.JK,MONITOR,2,1,1,344.0,-2.272727272727273,0.33481061595354716,13573345.0,1.563308,49.01696116580452,False,False,False,-
CPRO.JK,MONITOR,2,1,1,53.0,-3.6363636363636362,0.3285300093063026,87010925.0,1.5150421,36.842370068001415,False,True,False,-
DSFI.JK,MONITOR,2,2,0,94.0,0.0,0.32292803651582097,6852920.0,0.208022,47.96356844313346,False,True,False,-
BBTN.JK,MONITOR,2,1,1,1265.0,-0.7843137254901961,0.3162967880916898,24008780.0,9.6062835,46.180040439974164,False,False,False,-
ACRO.JK,MONITOR,2,2,0,74.0,0.0,0.315185882920084,9459180.0,0.2206236,46.41234509674068,False,True,False,-
TRUE.JK,MONITOR,2,1,1,143.0,-4.666666666666667,0.311436858971529,112123530.0,4.9934742,37.885424257986735,False,True,False,-
LAJU.JK,MONITOR,2,1,1,77.0,-4.938271604938271,0.31101999011280335,76047845.0,1.8212348,45.20200682031849,False,True,False,-
BBKP.JK,MONITOR,2,1,1,62.0,-1.5873015873015872,0.30567854786096127,90848050.0,1.7217586,38.1686002464842,False,True,False,-
NAIK.JK,MONITOR,2,2,0,97.0,-1.0204081632653061,0.3006491236071206,6578100.0,0.1918369,43.891448118534115,False,True,False,-
BELL.JK,MONITOR,2,1,1,143.0,-7.142857142857142,0.2962404536964518,153420640.0,6.4992642,45.08587245879496,False,True,False,-
DADA.JK,MONITOR,2,2,0,50.0,0.0,0.29411764705882354,734400.0,0.0108,43.11849726098477,False,True,True,near_breakout
POWR.JK,MONITOR,2,2,0,730.0,0.0,0.2930587071623902,4296750.0,0.919216,52.60766585003253,False,False,False,-
MINA.JK,MONITOR,2,1,1,244.0,-6.153846153846154,0.28000153655998306,221794140.0,15.1530588,39.68955463737524,False,True,False,-
TOBA.JK,MONITOR,2,1,1,585.0,-3.3057851239669422,0.26958734562006326,32356860.0,5.102955,44.265463259330254,False,True,False,-
SOTS.JK,MONITOR,2,1,1,960.0,-5.41871921182266,0.26303758306037966,3991825.0,1.008,38.42928323766086,False,True,False,-
TNCA.JK,MONITOR,2,2,0,183.0,-2.13903743315508,0.25601329154551977,264830.0,0.0124074,47.14473221747007,False,True,False,-
KAQI.JK,MONITOR,2,1,1,84.0,-5.617977528089887,0.24776280403187081,236627125.0,4.9247016,43.10139684070146,False,False,False,-
SMRA.JK,MONITOR,2,1,1,330.0,0.0,0.24613056327705735,24369180.0,1.97934,33.231072137606276,False,True,False,-
ELSA.JK,MONITOR,2,1,1,710.0,0.0,0.2309532083020763,192136755.0,31.505966,42.976453442633314,False,False,False,-
CLEO.JK,MONITOR,2,1,1,400.0,0.0,0.22817210589811798,11301995.0,1.03152,45.77701002432694,False,True,False,-
GRPM.JK,MONITOR,2,2,0,320.0,-5.325443786982249,0.2235315841600779,4467825.0,0.319584,51.81424429083669,False,False,False,-
CMRY.JK,MONITOR,2,1,1,4420.0,-1.7777777777777777,0.22310572630604847,5835350.0,5.754398,38.617135510110096,False,True,False,-
AXIO.JK,MONITOR,2,2,0,115.0,0.0,0.22244490225245692,803345.0,0.0205505,47.33765267677338,False,True,False,-
UFOE.JK,MONITOR,2,2,0,148.0,1.36986301369863,0.22117272073542846,514530.0,0.0168424,44.93717233810149,False,True,False,-
SDPC.JK,MONITOR,2,2,0,193.0,-1.530612244897959,0.20489642184557438,597375.0,0.0236232,51.590992402999674,False,False,False,-
IRSX.JK,MONITOR,2,1,1,410.0,-2.843601895734597,0.2023895941166965,72932603.4,6.051928,38.624953736161125,False,True,False,-
RALS.JK,MONITOR,2,1,1,432.0,-0.9174311926605505,0.20236690196780366,14302240.0,1.2503376,34.475915429387996,False,False,False,-
PACK.JK,MONITOR,2,1,1,170.0,0.0,0.19832703439844754,61790870.0,2.083316,34.143610148346966,False,True,False,-
DGNS.JK,MONITOR,2,2,0,302.0,0.6666666666666667,0.19269273866162126,3810730.0,0.2217586,52.219210406338206,False,False,False,-
PNIN.JK,MONITOR,2,2,0,770.0,1.3157894736842104,0.18303712680664092,837535.0,0.118041,48.517627610531726,False,True,False,-
RMKO.JK,MONITOR,2,1,1,456.0,-2.1459227467811157,0.1784652132443432,34095160.0,2.7746688,39.28531062260743,False,True,False,-
LPLI.JK,MONITOR,2,2,0,298.0,0.6756756756756757,0.12912231722212528,429825.0,0.016539,41.85584000769169,False,True,False,-
ESTA.JK,MONITOR,2,2,0,190.0,-1.0416666666666665,0.11528265230140847,4122910.0,0.090307,49.10768038197058,False,True,False,-
PUDP.JK,MONITOR,2,2,0,328.0,0.0,0.11037230791796025,818140.0,0.0296184,44.71810454475429,False,True,False,-
MORA.JK,MONITOR,2,1,1,4090.0,-10.698689956331878,0.07923271629046828,8385425.0,2.717396,30.68439372900879,False,True,False,-
VRNA.JK,MONITOR,2,2,0,76.0,0.0,0.07083260279906355,2424025.0,0.0130492,47.77470592289553,False,True,False,-
GTRA.JK,MONITOR,2,2,0,242.0,0.0,0.06700213126698035,1468610.0,0.0238128,45.01330847877542,False,True,False,-
MAXI.JK,MONITOR,2,2,0,50.0,0.0,0.056816145105208445,557940.0,0.001585,41.292771673545744,False,True,True,near_breakout
INTD.JK,MONITOR,2,2,0,248.0,-1.5873015873015872,0.0306453919545631,244735.0,0.00186,47.86934514082774,False,True,False,-
BIKE.JK,MONITOR,2,2,0,416.0,-0.4784688995215311,0.028775283946270276,8406520.0,0.1006304,46.921744611564726,False,True,False,-
SDRA.JK,MONITOR,2,2,0,252.0,-0.7874015748031495,0.022303008675870376,672555.0,0.00378,48.40097302201709,False,True,False,-
LCKM.JK,MONITOR,1,0,1,98.0,-10.909090909090908,1.6888279231832108,998740.0,0.1652966,13.625747556273794,False,False,False,-
WEGE.JK,MONITOR,1,0,1,54.0,-5.263157894736842,1.5811134939383054,6889575.0,0.5882328,36.41882311713751,False,False,False,-
EMDE.JK,MONITOR,1,0,1,73.0,-1.3513513513513513,1.554867805240468,2113170.0,0.2398561,30.286635707643555,False,False,False,-
EKAD.JK,MONITOR,1,0,1,180.0,-0.5524861878453038,1.3379660841155423,289245.0,0.06966,44.14540046009898,False,False,False,-
SUNI.JK,MONITOR,1,0,1,730.0,-0.6802721088435374,1.2447629276771586,609835.0,0.554143,26.879541149851462,False,False,False,-
BBRI.JK,MONITOR,1,0,1,3320.0,-0.8955223880597015,1.1906441186517076,203729390.0,805.329744,28.083371995670518,False,False,False,-
NSSS.JK,MONITOR,1,0,1,800.0,-14.893617021276595,1.17508391693474,22890195.0,21.51832,35.6955131125554,False,False,False,-
HALO.JK,MONITOR,1,1,0,67.0,0.0,1.1625026120346393,4330915.0,0.3373249,33.55038297952201,False,True,False,-
CINT.JK,MONITOR,1,1,0,197.0,-3.431372549019608,1.1514133041294536,529610.0,0.1201306,47.58821888123042,False,True,False,-
AMMN.JK,MONITOR,1,0,1,4700.0,-8.292682926829269,1.1458590223297764,40934355.0,220.4535,32.82269617965058,False,False,False,-
OLIV.JK,MONITOR,1,1,0,54.0,-10.0,1.1451566568480782,8719855.0,0.5392224,44.71913106645608,False,True,False,-
ROTI.JK,MONITOR,1,1,0,750.0,0.0,1.1433806234370745,605835.0,0.519525,45.94434938213036,False,True,False,-
BACA.JK,MONITOR,1,1,0,130.0,-0.7633587786259541,1.1357040276080852,2332650.0,0.344396,30.842859807501,False,True,False,-
CYBR.JK,MONITOR,1,0,1,1290.0,-4.089219330855019,1.0856206065018086,14066240.0,19.699074,39.51921136473569,False,False,False,-
CASH.JK,MONITOR,1,1,0,154.0,-8.875739644970414,1.0704444763815921,5636070.0,0.9290974,42.66811348772927,False,False,False,-
BNBA.JK,MONITOR,1,1,0,695.0,6.923076923076923,1.0611594489021758,709130.0,0.5229875,45.44128646375395,False,True,False,strong_daily_move
SATU.JK,MONITOR,1,1,0,258.0,-1.5267175572519083,1.0541606569317534,2430085.0,0.6609186,49.24659307500275,False,True,False,-
DKHH.JK,MONITOR,1,1,0,65.0,-1.5151515151515151,1.0330211238841973,7161325.0,0.480857,42.580630621499616,False,True,False,-
PTPP.JK,MONITOR,1,0,1,278.0,-4.137931034482759,1.0274287888738178,10590515.0,3.024918,26.959551153231175,False,False,False,-
AMAR.JK,MONITOR,1,1,0,198.0,-0.5025125628140703,1.0092204526404023,507025.0,0.1013166,44.04641174079712,False,True,False,-
AREA.JK,MONITOR,1,1,0,296.0,-2.631578947368421,1.0058903488898958,375190.0,0.1117104,28.7031359308818,False,True,False,-
BGTG.JK,MONITOR,1,0,1,112.0,0.0,0.9945525173512129,16443375.0,1.8316256,30.827002663515174,False,False,False,-
TPIA.JK,MONITOR,1,0,1,4170.0,-8.951965065502183,0.9718930503559602,12098965.0,49.034613,25.621616558173784,False,False,False,-
SGER.JK,MONITOR,1,0,1,394.0,-4.830917874396135,0.9019817332167998,3266585.0,1.1608816,36.290869685591936,False,False,False,-
DILD.JK,MONITOR,1,0,1,123.0,-1.6,0.8922659766212495,20508795.0,2.2508139,35.080008018284474,False,False,False,-
AIMS.JK,MONITOR,1,1,0,428.0,-6.140350877192982,0.8845560640847229,1990490.0,0.7535796,47.55758490416257,False,True,False,-
INTP.JK,MONITOR,1,0,1,5125.0,-3.755868544600939,0.8676548000748279,1149305.0,5.11065,31.30457450075727,False,False,False,-
PRIM.JK,MONITOR,1,1,0,70.0,-1.4084507042253522,0.8605767130724542,3205060.0,0.193074,41.483348583924496,False,True,False,-
CSRA.JK,MONITOR,1,1,0,930.0,0.0,0.8468929346774714,697845.0,0.54963,46.746370346139635,False,True,False,-
MBTO.JK,MONITOR,1,1,0,107.0,-0.9259259259259258,0.8335164780770792,2525325.0,0.2252243,32.74672887138357,False,True,False,-
VTNY.JK,MONITOR,1,1,0,63.0,-1.5625,0.8298427071163403,18513870.0,0.9679068,34.20110320623222,False,True,False,-
SOCI.JK,MONITOR,1,0,1,446.0,-9.34959349593496,0.8145511516338357,59628545.0,21.662443,42.21413844878921,False,False,False,-
HYGN.JK,MONITOR,1,1,0,144.0,-0.6896551724137931,0.7961766392659148,1307750.0,0.1499328,45.4906397144981,False,True,False,-
MPMX.JK,MONITOR,1,0,1,985.0,0.0,0.7943891809593877,3914580.0,3.0630545,40.392151023045244,False,False,False,-
SBMA.JK,MONITOR,1,1,0,119.0,-0.8333333333333334,0.7879438436116145,1299585.0,0.121856,42.32913778787814,False,True,False,-
TINS.JK,MONITOR,1,0,1,3380.0,-6.3711911357340725,0.7744134196880315,48113190.0,125.93711,45.80551025305762,False,False,False,-
PTPS.JK,MONITOR,1,0,1,184.0,0.0,0.7691846093166034,8582205.0,1.2146392,38.45773827621567,False,False,False,-
SMGA.JK,MONITOR,1,0,1,84.0,1.2048192771084338,0.7613079595045346,18260810.0,1.1677764,35.55290190553717,False,False,False,-
OPMS.JK,MONITOR,1,1,0,112.0,-2.608695652173913,0.7464148219441771,4156000.0,0.3474352,40.193953640905015,False,True,False,-
SAMF.JK,MONITOR,1,1,0,320.0,-3.0303030303030303,0.7403636487048303,589305.0,0.139616,41.58421608478114,False,False,False,-
LABA.JK,MONITOR,1,1,0,112.0,0.9009009009009009,0.7352032709541911,6960660.0,0.57316,41.89612238272187,False,True,False,-
NTBK.JK,MONITOR,1,1,0,66.0,-2.941176470588235,0.7251248344033425,19626000.0,0.9392658,34.61361132221738,False,True,False,-
ACES.JK,MONITOR,1,0,1,364.0,-3.1914893617021276,0.7058485129980054,57259170.0,14.7115332,34.83509845877519,False,False,False,-
PGAS.JK,MONITOR,1,0,1,1795.0,-2.4456521739130435,0.6968680986951712,68861525.0,86.137383,33.333651458126596,False,False,False,-
ENZO.JK,MONITOR,1,0,1,57.0,-6.557377049180328,0.6919231430929267,50336660.0,1.9852587,35.97056673088869,False,False,False,-
HDIT.JK,MONITOR,1,1,0,56.0,-1.7543859649122806,0.6850388221086325,17889935.0,0.6862968,41.456060046207654,False,True,False,-
BPTR.JK,MONITOR,1,1,0,78.0,0.0,0.6791260858120558,284925.0,0.015093,40.13103370601746,False,True,False,-
LPKR.JK,MONITOR,1,0,1,75.0,-3.8461538461538463,0.6769259666288222,155139565.0,7.87635,36.48678227574134,False,False,False,-
CHEK.JK,MONITOR,1,1,0,135.0,-0.7352941176470588,0.6740302503980315,1105440.0,0.1005885,39.4829167106511,False,True,False,-
BABY.JK,MONITOR,1,1,0,194.0,-3.0,0.6705891082170662,1819445.0,0.2366994,32.107570788615135,False,True,False,-
BSBK.JK,MONITOR,1,1,0,55.0,-3.508771929824561,0.663304707121742,27309470.0,0.9962975,35.13831950788658,False,True,False,-
BMRI.JK,MONITOR,1,0,1,4650.0,-1.4830508474576272,0.6606413535942894,165742425.0,509.157795,39.62820476445021,False,False,False,-
CITY.JK,MONITOR,1,1,0,141.0,-4.081632653061225,0.6530019022378011,1169675.0,0.1076958,28.93286536931562,False,True,False,-
ARCI.JK,MONITOR,1,0,1,1415.0,-5.666666666666666,0.6519486165444137,111124095.0,102.512788,39.14544391947761,False,False,False,-
LPPF.JK,MONITOR,1,0,1,1820.0,0.5524861878453038,0.649178814459517,3487945.0,4.121026,44.0602801346922,False,False,False,-
ANTM.JK,MONITOR,1,0,1,3640.0,-1.8867924528301887,0.6465481917777517,110920270.0,261.043692,43.59696122946972,False,False,False,-
ASLC.JK,MONITOR,1,1,0,73.0,-5.194805194805195,0.6423481608372473,16006740.0,0.7505787,40.5410608140268,False,True,False,-
ADHI.JK,MONITOR,1,0,1,193.0,-1.530612244897959,0.6403418755053426,9189310.0,1.1356699,28.358667259596956,False,False,False,-
PPGL.JK,MONITOR,1,1,0,185.0,-3.6458333333333335,0.6276157060753569,1625995.0,0.1887925,39.09279483612229,False,True,False,-
HRUM.JK,MONITOR,1,0,1,995.0,-2.450980392156863,0.6239047166979997,28072075.0,17.4267285,42.140134479200306,False,False,False,-
AGRO.JK,MONITOR,1,1,0,173.0,0.0,0.616165201473926,8606945.0,0.9174709,30.288119729561217,False,True,False,-
MDKI.JK,MONITOR,1,1,0,193.0,2.1164021164021163,0.6127970749542961,478625.0,0.0566069,44.512519028490495,False,True,False,strong_daily_move
PAMG.JK,MONITOR,1,1,0,54.0,-5.263157894736842,0.6086467800733718,5195460.0,0.1707588,40.208572256551975,False,True,False,-
ASSA.JK,MONITOR,1,0,1,830.0,0.0,0.5977367306370409,8612320.0,4.272757,32.13908385115111,False,False,False,-
CCSI.JK,MONITOR,1,1,0,242.0,1.680672268907563,0.5867403932082216,358080.0,0.0508442,39.44392553247789,False,True,False,-
BBNI.JK,MONITOR,1,0,1,3700.0,-0.5376344086021506,0.5779352888942603,93003665.0,198.87537,23.159409163614995,False,False,False,-
WAPO.JK,MONITOR,1,1,0,121.0,-2.4193548387096775,0.5753604506015163,1470035.0,0.1023418,34.25440721030931,False,True,False,-
ERAL.JK,MONITOR,1,0,1,300.0,-1.3157894736842104,0.5714253506308067,13306375.0,2.28108,32.431927524321154,False,False,False,-
TAYS.JK,MONITOR,1,1,0,59.0,-6.349206349206349,0.5682737651712533,9998350.0,0.3352262,39.298148557364506,False,True,False,-
AUTO.JK,MONITOR,1,0,1,2570.0,-2.6515151515151514,0.5543122991873337,3425145.0,4.879402,43.36382300700052,False,False,False,-
BCIC.JK,MONITOR,1,1,0,128.0,-0.7751937984496124,0.5449525205707452,907235.0,0.0632832,35.43928198429349,False,True,False,-
NATO.JK,MONITOR,1,1,0,615.0,0.0,0.5385384100556508,545365.0,0.1806255,44.48092618379927,False,True,False,-
CENT.JK,MONITOR,1,1,0,98.0,-2.9702970297029703,0.5304314245077755,7962575.0,0.4139128,35.30264149875579,False,True,False,-
KLAS.JK,MONITOR,1,1,0,78.0,-2.5,0.5287326034943031,10398640.0,0.4288518,40.14812416438404,False,True,False,-
JMAS.JK,MONITOR,1,1,0,195.0,-2.0100502512562812,0.5190106033913758,1052965.0,0.1065675,40.823685058438606,False,True,False,-
UANG.JK,MONITOR,1,0,1,3280.0,-6.2857142857142865,0.497688120646936,1025140.0,1.673456,40.67428769018491,False,False,False,-
SPMA.JK,MONITOR,1,1,0,212.0,0.0,0.489923756615571,437415.0,0.0454316,43.55814276121151,False,True,False,-
MDLN.JK,MONITOR,1,1,0,53.0,-1.8518518518518516,0.48487978847691077,10164375.0,0.2612105,39.51876627946008,False,True,False,-
HDFA.JK,MONITOR,1,1,0,89.0,-2.197802197802198,0.4748306962519115,640860.0,0.0270827,34.34164185152338,False,True,False,-
SMBR.JK,MONITOR,1,1,0,218.0,-4.385964912280701,0.47390573269694725,4787450.0,0.4945984,37.43608266774599,False,True,False,-
PIPA.JK,MONITOR,1,1,0,112.0,-4.273504273504273,0.4739018198822373,16765920.0,0.8898848,34.25538253545122,False,True,False,-
BBCA.JK,MONITOR,1,0,1,6575.0,1.153846153846154,0.4704757928354936,154578410.0,478.169505,36.447571929283406,False,False,False,-
WINS.JK,MONITOR,1,1,0,505.0,-7.339449541284404,0.46907134947002055,3413340.0,0.8085555,46.07190791788188,False,True,False,-
DIVA.JK,MONITOR,1,1,0,134.0,-2.18978102189781,0.45451672312391,6961020.0,0.4239626,46.52142050946567,False,True,False,-
LPPS.JK,MONITOR,1,1,0,80.0,-1.2345679012345678,0.45296857507474997,2170570.0,0.078656,40.97908548389804,False,True,False,-
ISSP.JK,MONITOR,1,1,0,478.0,1.702127659574468,0.4444479676150161,1892235.0,0.401998,48.91086774692046,False,False,False,-
RGAS.JK,MONITOR,1,1,0,90.0,-3.225806451612903,0.4432632736044681,22824810.0,0.910566,48.7384793585029,False,True,False,-
MKTR.JK,MONITOR,1,1,0,126.0,-4.545454545454546,0.43990461615119053,983395.0,0.0545076,44.18605992262885,False,True,False,-
PICO.JK,MONITOR,1,1,0,139.0,-0.7142857142857143,0.43246107442732534,245340.0,0.0147479,37.525223478718594,False,True,False,-
ATIC.JK,MONITOR,1,1,0,525.0,2.941176470588235,0.4285952758534346,239620.0,0.0539175,43.458069334288915,False,True,False,strong_daily_move
INCO.JK,MONITOR,1,0,1,5500.0,-4.3478260869565215,0.41427035685221414,27869240.0,63.4997,42.710438919188604,False,False,False,-
SDMU.JK,MONITOR,1,1,0,75.0,-3.8461538461538463,0.4063136749962631,5719965.0,0.1743075,39.12807552678824,False,True,False,-
IKAN.JK,MONITOR,1,1,0,90.0,-2.1739130434782608,0.4051529693504372,17237440.0,0.628542,42.95211483390328,False,True,False,-
ITIC.JK,MONITOR,1,1,0,256.0,0.0,0.40441176470588236,465120.0,0.0481536,31.9862075092974,False,True,False,-
BOAT.JK,MONITOR,1,1,0,138.0,-6.122448979591836,0.4032746891759529,9321190.0,0.518742,41.92561454084751,False,True,False,-
NEST.JK,MONITOR,1,1,0,326.0,1.875,0.401149659680727,1299515.0,0.1699438,42.181150617653856,False,True,False,-
CAKK.JK,MONITOR,1,1,0,160.0,-1.8404907975460123,0.39969450101832993,235680.0,0.015072,42.397092005739204,False,True,False,-
GEMA.JK,MONITOR,1,1,0,86.0,-1.1494252873563218,0.39475863087756835,4196995.0,0.1424848,44.47915562160601,False,True,False,-
DNAR.JK,MONITOR,1,1,0,128.0,-0.7751937984496124,0.3926121559104525,3949190.0,0.198464,38.18137296598294,False,True,False,-
DMMX.JK,MONITOR,1,1,0,206.0,3.0,0.38928933102996366,671480.0,0.0538484,37.06759996502113,False,True,False,strong_daily_move
AMMS.JK,MONITOR,1,1,0,402.0,0.0,0.3876655853428138,682805.0,0.1064094,42.47048005342666,False,True,False,-
TRIM.JK,MONITOR,1,1,0,510.0,-1.9230769230769231,0.37902600488581695,599695.0,0.115923,41.69851316810506,False,True,False,-
BRIS.JK,MONITOR,1,0,1,2100.0,-1.4084507042253522,0.37312640431953736,12290205.0,9.63018,39.4894761191308,False,False,False,-
GWSA.JK,MONITOR,1,1,0,139.0,-2.112676056338028,0.36898938580105584,2063745.0,0.1058485,33.311370558182674,False,True,False,-
MHKI.JK,MONITOR,1,1,0,163.0,-5.232558139534884,0.3688854160344723,13181600.0,0.7925875,36.86025986359164,False,True,False,-
PMJS.JK,MONITOR,1,1,0,111.0,-2.631578947368421,0.36742232319435136,305915.0,0.0124764,46.38916411595851,False,True,False,-
FOLK.JK,MONITOR,1,1,0,320.0,-8.571428571428571,0.36620107272999697,5105665.0,0.598304,28.8164329593301,False,True,False,-
GOLF.JK,MONITOR,1,1,0,185.0,-2.1164021164021163,0.3625352033414814,14038085.0,0.9415205,42.34033352326236,False,True,False,-
MDLA.JK,MONITOR,1,1,0,212.0,0.0,0.3623800348056529,2143330.0,0.1646604,40.403128475446636,False,True,False,-
BOLA.JK,MONITOR,1,1,0,152.0,-2.564102564102564,0.3618609436727721,1030230.0,0.0566656,38.42938297917623,False,True,False,-
PURI.JK,MONITOR,1,1,0,140.0,-1.4084507042253522,0.3570237667967388,1964295.0,0.098182,33.93076996296084,False,True,False,-
OKAS.JK,MONITOR,1,1,0,111.0,-1.7699115044247788,0.3514375767278437,6496175.0,0.253413,45.09747430827609,False,True,False,-
NIKL.JK,MONITOR,1,1,0,284.0,-2.0689655172413794,0.3493614518879055,1351895.0,0.1341332,38.14653189820986,False,True,False,-
CITA.JK,MONITOR,1,1,0,4190.0,-0.2380952380952381,0.3464194016150275,375845.0,0.545538,44.23807183636968,False,True,False,-
KUAS.JK,MONITOR,1,0,1,82.0,-3.5294117647058822,0.3462082672190267,163741035.0,4.648457,47.507448975877516,False,False,False,-
NPGF.JK,MONITOR,1,1,0,64.0,-1.5384615384615385,0.34114724100346483,18055840.0,0.3942208,45.07630502161914,False,True,False,-
CTTH.JK,MONITOR,1,1,0,70.0,-2.7777777777777777,0.33790614987936857,7962270.0,0.188335,35.89256804743553,False,True,False,-
MPIX.JK,MONITOR,1,1,0,80.0,-3.614457831325301,0.3373028443871241,17282985.0,0.466368,41.845732891497946,False,False,False,-
BDMN.JK,MONITOR,1,0,1,2550.0,-0.7782101167315175,0.3310160741522938,1363680.0,1.15107,45.34908815870564,False,False,False,-
BLUE.JK,MONITOR,1,1,0,3100.0,-7.462686567164178,0.328588846301523,742265.0,0.75609,35.16863628102446,False,True,False,-
LUCK.JK,MONITOR,1,1,0,98.0,-1.0101010101010102,0.3170997589803094,2848315.0,0.0885136,38.321008274091696,False,True,False,-
SMDR.JK,MONITOR,1,0,1,342.0,-2.840909090909091,0.3137735667764208,50320045.0,5.3998722,40.54077731018734,False,False,False,-
MUTU.JK,MONITOR,1,1,0,99.0,-2.941176470588235,0.31314318955466325,2028465.0,0.0628848,43.036415642739904,False,True,False,-
GUNA.JK,MONITOR,1,1,0,214.0,-1.834862385321101,0.3120554033557126,425245.0,0.0283978,37.36548892995747,False,True,False,-
IMJS.JK,MONITOR,1,1,0,162.0,0.0,0.30709158384596613,5941550.0,0.2955852,34.30744979115654,False,True,False,-
KOPI.JK,MONITOR,1,1,0,250.0,-0.7936507936507936,0.30665272303113184,310775.0,0.023825,46.01014580290621,False,True,False,-
BBRM.JK,MONITOR,1,1,0,137.0,-5.517241379310345,0.3025084390685291,13250870.0,0.5491645,41.32545619361225,False,True,False,-
BAYU.JK,MONITOR,1,1,0,1345.0,-1.824817518248175,0.3018032864070813,212390.0,0.0862145,39.2544712777504,False,False,False,-
PNBN.JK,MONITOR,1,0,1,940.0,-0.5291005291005291,0.3010899875601759,5406025.0,1.530038,28.405004341059794,False,False,False,-
LION.JK,MONITOR,1,1,0,398.0,-0.9950248756218906,0.2960772154112802,314445.0,0.0370538,42.44337871154086,False,True,False,-
IFII.JK,MONITOR,1,1,0,226.0,0.0,0.2954776569005545,260595.0,0.017402,45.05433252096852,False,True,False,-
PZZA.JK,MONITOR,1,1,0,196.0,0.0,0.29373331060735186,528030.0,0.0303996,39.91883698597161,False,True,False,-
TOTO.JK,MONITOR,1,1,0,270.0,-1.4598540145985401,0.29364729237895665,1088040.0,0.086265,44.276222977076685,False,False,False,-
DOID.JK,MONITOR,1,0,1,256.0,-1.5384615384615385,0.29074828696706384,14979280.0,1.1149312,35.02555570749112,False,False,False,-
VAST.JK,MONITOR,1,1,0,114.0,-1.7241379310344827,0.2834559825565549,1577670.0,0.0509808,42.362943300152324,False,True,False,-
VICO.JK,MONITOR,1,1,0,152.0,2.013422818791946,0.27910218165438583,588315.0,0.0249584,40.05555801116911,False,True,False,strong_daily_move
IPOL.JK,MONITOR,1,1,0,118.0,-0.8403361344537815,0.2769547737777251,1096930.0,0.0358484,44.89507198018961,False,True,False,-
FPNI.JK,MONITOR,1,1,0,398.0,-0.5,0.27172832218493814,4751805.0,0.5138976,37.25422761225843,False,True,False,-
PJHB.JK,MONITOR,1,1,0,200.0,-4.761904761904762,0.26645937017518134,4637480.0,0.24714,36.1606926229801,False,True,False,-
NINE.JK,MONITOR,1,1,0,122.0,-0.8130081300813009,0.2652581709208192,14332075.0,0.4638074,39.18310422537253,False,True,False,-
CRSN.JK,MONITOR,1,1,0,102.0,-2.857142857142857,0.26511727289163556,608410.0,0.0164526,37.80374686650262,False,True,False,-
KEJU.JK,MONITOR,1,1,0,545.0,1.8691588785046727,0.25844581103745706,313025.0,0.0440905,45.521906164493075,False,True,False,-
BKSW.JK,MONITOR,1,1,0,56.0,-3.4482758620689653,0.2574908313056157,6254980.0,0.0901936,32.40010572110991,False,True,False,-
NIRO.JK,MONITOR,1,1,0,185.0,0.5434782608695652,0.2553322621117739,227155.0,0.01073,39.56300151687627,False,True,False,-
YOII.JK,MONITOR,1,1,0,97.0,-1.0204081632653061,0.2551387838690265,8616095.0,0.2132351,43.441505799871756,False,True,False,-
AISA.JK,MONITOR,1,1,0,119.0,-0.8333333333333334,0.2544206373337338,6824525.0,0.2066197,35.21559647905721,False,True,False,-
TOOL.JK,MONITOR,1,1,0,61.0,0.0,0.25257089796973037,62365855.0,0.9608598,47.96419240222678,False,True,False,-
LMPI.JK,MONITOR,1,1,0,144.0,-2.0408163265306123,0.24702708587880914,413315.0,0.0147024,41.264994895753254,False,True,False,-
TRIS.JK,MONITOR,1,1,0,176.0,1.7341040462427744,0.24580830970507467,1343730.0,0.0581328,44.76797870117249,False,True,False,-
COAL.JK,MONITOR,1,0,1,58.0,-3.3333333333333335,0.24534726215693475,195205765.0,2.7778056,34.892738100071554,False,False,False,-
MGNA.JK,MONITOR,1,1,0,189.0,3.278688524590164,0.2443332146572005,1432470.0,0.06615,45.8408827339265,False,True,False,strong_daily_move
SMGR.JK,MONITOR,1,0,1,2460.0,-0.8064516129032258,0.24289934116828843,10381255.0,6.203136,41.93515140843025,False,False,False,-
PSDN.JK,MONITOR,1,0,1,118.0,-9.230769230769232,0.24133670957354622,59101245.0,1.6830694,45.978094680384885,False,False,False,-
GDST.JK,MONITOR,1,1,0,99.0,-1.9801980198019802,0.23847760228242007,849975.0,0.0200673,32.22104299878582,False,True,False,-
PPRI.JK,MONITOR,1,1,0,172.0,-3.3707865168539324,0.2344758735440932,3005000.0,0.1211912,28.389748399338274,False,True,False,-
HEAL.JK,MONITOR,1,0,1,1225.0,-0.8097165991902834,0.22783511975651713,12091200.0,3.37463,40.346683648643996,False,False,False,-
PADA.JK,MONITOR,1,1,0,122.0,-4.6875,0.22745325951308787,29319870.0,0.8136058,35.364742960369156,False,True,False,-
AWAN.JK,MONITOR,1,1,0,154.0,-1.282051282051282,0.2271615942163544,807795.0,0.028259,44.43558209420802,False,True,False,-
HOMI.JK,MONITOR,1,1,0,250.0,-0.7936507936507936,0.22684554845245525,9111045.0,0.5167,31.074771071368644,False,True,False,-
IRRA.JK,MONITOR,1,1,0,382.0,-1.5463917525773196,0.22589481471157402,932735.0,0.0804874,41.07300774169642,False,True,False,-
SKRN.JK,MONITOR,1,1,0,432.0,-1.36986301369863,0.22566072324916522,229105.0,0.0223344,40.962947770660534,False,True,False,-
ZYRX.JK,MONITOR,1,1,0,144.0,-2.0408163265306123,0.22049949197545765,1781410.0,0.0565632,45.81909974572842,False,True,False,-
NCKL.JK,MONITOR,1,0,1,1120.0,-4.273504273504273,0.21976108602552102,82473200.0,20.299328,39.63958167555152,False,False,False,-
AKSI.JK,MONITOR,1,1,0,296.0,0.0,0.21812605620579584,319540.0,0.0206312,38.588055953110796,False,True,False,-
MRAT.JK,MONITOR,1,1,0,426.0,1.4285714285714286,0.21722679724015134,561625.0,0.051972,45.859742993486904,False,True,False,-
VICI.JK,MONITOR,1,1,0,560.0,-2.608695652173913,0.21616413927529504,3134655.0,0.379456,45.83073068137394,False,True,False,-
HMSP.JK,MONITOR,1,0,1,735.0,-0.6756756756756757,0.21216574412461472,35221520.0,5.492508,40.76337514395628,False,False,False,-
TMAS.JK,MONITOR,1,1,0,124.0,-1.5873015873015872,0.20988748288603862,13705915.0,0.3567108,39.93488187032814,False,True,False,-
SOLA.JK,MONITOR,1,1,0,122.0,-0.8130081300813009,0.20864183046741477,18922380.0,0.481656,47.50759552074458,False,True,False,-
SOFA.JK,MONITOR,1,1,0,418.0,-3.686635944700461,0.20721874923217865,7122425.0,0.6169262,40.88132262532842,False,False,False,-
JATI.JK,MONITOR,1,1,0,105.0,-1.8691588785046727,0.20678705215428536,13802605.0,0.299691,45.235267399215786,False,True,False,-
INDS.JK,MONITOR,1,0,1,372.0,-6.532663316582915,0.20644502004360976,50474940.0,3.8763516,32.59894884152169,False,False,False,-
CBRE.JK,MONITOR,1,0,1,785.0,-2.484472049689441,0.20448480950125633,21578620.0,3.4638125,46.15051031688165,False,False,False,-
CSMI.JK,MONITOR,1,1,0,81.0,-2.4096385542168677,0.2027129185620449,10714660.0,0.175932,33.56066469481142,False,True,False,-
OASA.JK,MONITOR,1,0,1,246.0,-4.651162790697675,0.20223502927968265,53686545.0,2.6708958,36.232611291572674,False,False,False,-
FAST.JK,MONITOR,1,1,0,286.0,-2.054794520547945,0.20080721038424257,4219470.0,0.2423278,32.402060615530246,False,True,False,-
UNIQ.JK,MONITOR,1,1,0,129.0,-0.7692307692307693,0.20022108669883817,3378765.0,0.0872685,28.218927982515126,False,True,False,-
ISEA.JK,MONITOR,1,1,0,80.0,-2.4390243902439024,0.19878870108945493,4481140.0,0.071264,40.02573398518632,False,True,False,-
LOPI.JK,MONITOR,1,1,0,102.0,-3.7735849056603774,0.19836655510761414,2541255.0,0.0514182,38.811340095755,False,True,False,-
PTMP.JK,MONITOR,1,1,0,63.0,0.0,0.19628911107794855,14072100.0,0.1740186,43.22070488437523,False,True,False,-
BNBR.JK,MONITOR,1,0,1,105.0,-7.894736842105263,0.1961481830203804,1674175080.0,34.480572,40.20173907914973,False,False,False,-
MAYA.JK,MONITOR,1,1,0,188.0,0.53475935828877,0.1958894768578787,1774470.0,0.0653488,35.26412096359135,False,True,False,-
KOTA.JK,MONITOR,1,0,1,56.0,-3.4482758620689653,0.19272762100708957,222965965.0,2.4064152,43.493890217053035,False,False,False,-
PBSA.JK,MONITOR,1,1,0,1115.0,-6.302521008403361,0.18860873118715224,2863070.0,0.6021,39.97155140102514,False,True,False,-
GGRM.JK,MONITOR,1,0,1,14150.0,0.3546099290780142,0.18705829808475422,761260.0,2.01496,42.35811479424813,False,False,False,-
BRRC.JK,MONITOR,1,1,0,74.0,-1.3333333333333335,0.18218155494920915,59670695.0,0.8044466,36.86930892455812,False,True,False,-
INOV.JK,MONITOR,1,1,0,135.0,-2.1739130434782608,0.1780551615135793,4074580.0,0.0979425,44.880833568139536,False,True,False,-
LIVE.JK,MONITOR,1,1,0,210.0,2.941176470588235,0.1778473833610668,4341925.0,0.162162,45.43928845805367,False,True,False,strong_daily_move
PNBS.JK,MONITOR,1,1,0,50.0,0.0,0.17495106539085487,9847325.0,0.08614,37.2594132697254,False,True,False,-
SMIL.JK,MONITOR,1,1,0,224.0,-1.7543859649122806,0.1701446879754229,12232530.0,0.4662112,33.00164897091105,False,True,False,-
SKBM.JK,MONITOR,1,1,0,660.0,-2.941176470588235,0.16850022788741542,1832045.0,0.203742,46.83994398875232,False,False,False,-
YELO.JK,MONITOR,1,0,1,93.0,-4.123711340206185,0.16192086480418338,240083945.0,3.6153378,45.79317637869595,False,False,False,-
RISE.JK,MONITOR,1,1,0,1960.0,-2.0,0.1562514369798133,1087350.0,0.333004,21.816068450215326,False,True,False,-
BEST.JK,MONITOR,1,1,0,104.0,-0.9523809523809524,0.14829525507869853,9300365.0,0.1434368,44.649571485428375,False,True,False,-
KBLI.JK,MONITOR,1,1,0,324.0,0.0,0.1455182993644532,228150.0,0.0107568,48.09101870801789,False,True,False,-
MLIA.JK,MONITOR,1,1,0,290.0,0.0,0.14402865491563765,265225.0,0.011078,32.66721920195715,False,True,False,-
BVIC.JK,MONITOR,1,1,0,106.0,0.0,0.14361993316392813,4895560.0,0.0745286,40.994348058921986,False,True,False,-
KJEN.JK,MONITOR,1,1,0,113.0,-2.586206896551724,0.14078805148865087,5088500.0,0.0809532,31.67048915722596,False,True,False,-
MMLP.JK,MONITOR,1,1,0,348.0,-1.694915254237288,0.13495034918825982,7090015.0,0.3329664,39.453342476355964,False,True,False,-
APIC.JK,MONITOR,1,1,0,1170.0,3.0837004405286343,0.1335113179992698,4382400.0,0.684567,44.158441293292604,False,True,False,strong_daily_move
VINS.JK,MONITOR,1,1,0,160.0,-1.8404907975460123,0.12745988872154246,401695.0,0.008192,41.269380884121496,False,True,False,-
SEMA.JK,MONITOR,1,1,0,108.0,-0.9174311926605505,0.12466100349865092,2898260.0,0.0390204,46.55813778651748,False,True,False,-
INPC.JK,MONITOR,1,1,0,155.0,-0.641025641025641,0.11801825718198619,35107280.0,0.6422115,43.4829734639486,False,True,False,-
GTBO.JK,MONITOR,1,1,0,220.0,0.9174311926605505,0.11614901488428117,232460.0,0.00594,45.35924704243858,False,True,False,-
NASI.JK,MONITOR,1,1,0,147.0,-2.6490066225165565,0.10743462604362,29482115.0,0.4656078,44.47117297976055,False,False,False,-
DOSS.JK,MONITOR,1,1,0,148.0,-1.9867549668874174,0.1046211007934294,1738655.0,0.0269212,40.33655593773289,False,True,False,-
GRPH.JK,MONITOR,1,1,0,54.0,0.0,0.10075859368632681,76440130.0,0.415908,46.58068453427008,False,True,False,-
RANC.JK,MONITOR,1,1,0,555.0,-2.631578947368421,0.09470871701894175,419180.0,0.0220335,41.463244668426285,False,True,False,-
SPRE.JK,MONITOR,1,1,0,85.0,-3.4090909090909087,0.0939643209106816,8701175.0,0.069496,32.54927175750757,False,True,False,-
HGII.JK,MONITOR,1,1,0,140.0,0.0,0.09016955797314516,1326390.0,0.016744,42.31360771945748,False,True,False,-
ICON.JK,MONITOR,1,1,0,104.0,-4.587155963302752,0.0702644247293832,104593470.0,0.7643168,48.04136091389909,False,False,False,-
ATLA.JK,MONITOR,1,1,0,50.0,0.0,0.0648943528482394,32760940.0,0.1063,36.452004098747814,False,True,False,-
ASJT.JK,MONITOR,1,1,0,188.0,-2.083333333333333,0.06413803739419946,1102310.0,0.0132916,46.99818331487374,False,True,False,-
URBN.JK,MONITOR,1,1,0,150.0,-1.3157894736842104,0.057448030809166155,234995.0,0.002025,40.13003583008698,False,True,False,-
SULI.JK,MONITOR,1,1,0,99.0,-1.9801980198019802,0.052692682242196746,12183855.0,0.063558,38.860177250162984,False,True,False,-
BBSS.JK,MONITOR,1,1,0,169.0,-1.744186046511628,0.04980049599146277,2979890.0,0.0250796,33.599013748239216,False,True,False,-
PSAT.JK,MONITOR,1,1,0,865.0,-3.35195530726257,0.04373729318683472,3674210.0,0.1390055,32.89479717452559,False,True,False,-
MPOW.JK,MONITOR,1,1,0,93.0,-2.1052631578947367,0.04101919428807659,41412320.0,0.1579791,41.69799099215371,False,True,False,-
MINE.JK,MONITOR,1,1,0,340.0,0.591715976331361,0.040248657880436405,1674590.0,0.022916,37.584064778963324,False,True,False,-
REAL.JK,MONITOR,1,1,0,50.0,0.0,0.030196860642281977,45349085.0,0.06847,36.14831217411212,False,True,False,-
ITMA.JK,MONITOR,1,1,0,2220.0,-4.310344827586207,0.02561733406635615,6066205.0,0.344988,44.420985917336246,False,False,False,-
KICI.JK,MONITOR,1,1,0,183.0,-1.6129032258064515,0.02254550505671103,935885.0,0.0038613,44.67822334759017,False,True,False,-
PGLI.JK,MONITOR,1,1,0,202.0,-1.9417475728155338,0.02143345466639567,270605.0,0.0011716,40.69639129875973,False,True,False,-
ADCP.JK,MONITOR,1,1,0,50.0,0.0,0.012381435049629007,9441555.0,0.005845,33.67285881822227,False,True,False,-
TYRE.JK,MONITOR,1,1,0,115.0,0.0,0.010330151646626172,242010.0,0.0002875,45.494125724148944,False,True,False,-
ECII.JK,MONITOR,0,0,0,180.0,-2.1739130434782608,0.9644657920519989,418470.0,0.072648,29.90644621758659,False,False,False,-
BCIP.JK,MONITOR,0,0,0,67.0,-1.4705882352941175,0.9560013680814401,4590370.0,0.2940228,40.165578017026014,False,False,False,-
POLA.JK,MONITOR,0,0,0,65.0,-4.411764705882353,0.9034944789507507,13802630.0,0.810589,38.15447032453758,False,False,False,-
PALM.JK,MONITOR,0,0,0,358.0,-1.1049723756906076,0.876880828806811,744685.0,0.233774,41.62407354903919,False,False,False,-
DYAN.JK,MONITOR,0,0,0,79.0,0.0,0.7859367831357303,1035325.0,0.0642823,35.61073164106706,False,False,False,-
OBAT.JK,MONITOR,0,0,0,336.0,-0.591715976331361,0.764858606413585,498785.0,0.128184,32.937027147506,False,False,False,-
HEXA.JK,MONITOR,0,0,0,4390.0,0.0,0.7262675127222467,238755.0,0.761226,47.69333946488894,False,False,False,-
INDX.JK,MONITOR,0,0,0,97.0,-3.9603960396039604,0.7170797691781332,4099265.0,0.2851315,27.592643090160692,False,False,False,-
BISI.JK,MONITOR,0,0,0,835.0,0.6024096385542169,0.6989779096604023,288135.0,0.168169,42.31370944545381,False,False,False,-
CASS.JK,MONITOR,0,0,0,1800.0,-2.4390243902439024,0.6308456073946076,546885.0,0.621,29.474653326769186,False,False,False,-
HAIS.JK,MONITOR,0,0,0,200.0,-0.9900990099009901,0.6256996854747199,2626180.0,0.32864,35.87779252142036,False,False,False,-
DWGL.JK,MONITOR,0,0,0,244.0,-3.1746031746031744,0.6016427186160235,2521430.0,0.370148,43.65816476820189,False,False,False,-
OBMD.JK,MONITOR,0,0,0,230.0,-0.8620689655172413,0.5053399455435079,1963035.0,0.22816,34.233588219943,False,False,False,-
SMAR.JK,MONITOR,0,0,0,5000.0,-0.4975124378109453,0.5051207022677395,273400.0,0.6905,41.95573841378036,False,False,False,-
AGAR.JK,MONITOR,0,0,0,210.0,0.0,0.501023491568379,205180.0,0.021588,40.7191723825935,False,False,False,-
BESS.JK,MONITOR,0,0,0,1200.0,-1.639344262295082,0.4942739066965479,243185.0,0.14424,42.71449213228484,False,False,False,-
DPUM.JK,MONITOR,0,0,0,107.0,-4.464285714285714,0.4942225024851962,13384255.0,0.7077836,29.725265247284995,False,False,False,-
BIRD.JK,MONITOR,0,0,0,1645.0,-0.30303030303030304,0.4413504167005264,1107510.0,0.804076,41.723931619039895,False,False,False,-
ARII.JK,MONITOR,0,0,0,274.0,1.4814814814814816,0.4396784699605017,288620.0,0.0347706,46.507525994116634,False,False,False,-
WTON.JK,MONITOR,0,0,0,84.0,-2.3255813953488373,0.42586877193857287,5615110.0,0.2008692,35.48529746603616,False,False,False,-
STAR.JK,MONITOR,0,0,0,605.0,-0.819672131147541,0.4168896818316979,504450.0,0.1272315,44.911453249763404,False,False,False,-
PTSN.JK,MONITOR,0,0,0,300.0,1.3513513513513513,0.4077100915626076,1423070.0,0.17406,33.97840488316102,False,False,False,-
PART.JK,MONITOR,0,0,0,120.0,-0.8264462809917356,0.39772768337898684,13836100.0,0.66036,42.940886866284465,False,False,False,-
LMAX.JK,MONITOR,0,0,0,143.0,-9.49367088607595,0.3973969726858459,1814810.0,0.1031316,38.07429823593853,False,False,False,-
RUIS.JK,MONITOR,0,0,0,236.0,0.8547008547008548,0.38544460864958313,8965750.0,0.8155688,46.10414899077665,False,False,False,-
TRUK.JK,MONITOR,0,0,0,220.0,-4.3478260869565215,0.3823364463192802,410110.0,0.034496,23.772934453614,False,False,False,-
RUNS.JK,MONITOR,0,0,0,81.0,-8.98876404494382,0.37937822077069955,6782150.0,0.208413,40.792971786592474,False,False,False,-
APLI.JK,MONITOR,0,0,0,208.0,-6.306306306306306,0.37896933621078094,210835.0,0.0166192,27.73767593531663,False,False,False,-
MEJA.JK,MONITOR,0,0,0,89.0,-1.1111111111111112,0.3545737137006419,23049650.0,0.7273792,38.80752832738178,False,False,False,-
ERTX.JK,MONITOR,0,0,0,200.0,-3.8461538461538463,0.3516249334043687,2928120.0,0.20592,39.352826269758275,False,False,False,-
NAYZ.JK,MONITOR,0,0,0,65.0,0.0,0.3500046954455303,8891595.0,0.2022865,42.78434123681797,False,False,False,-
GGRP.JK,MONITOR,0,0,0,282.0,-2.7586206896551726,0.34085285384361597,969920.0,0.0932292,34.13157388088878,False,False,False,-
MCOR.JK,MONITOR,0,0,0,69.0,-1.4285714285714286,0.33345585905317193,7889500.0,0.1815252,43.0792396035879,False,False,False,-
MDIY.JK,MONITOR,0,0,0,875.0,2.3391812865497075,0.3288152652129792,3010505.0,0.8661625,46.829918993217426,False,False,False,strong_daily_move
JIHD.JK,MONITOR,0,0,0,515.0,0.0,0.3198475145570135,1290615.0,0.212592,40.99567540208347,False,False,False,-
NELY.JK,MONITOR,0,0,0,332.0,-5.681818181818182,0.3082628955068634,951785.0,0.0974088,37.69153624726212,False,False,False,-
FLMC.JK,MONITOR,0,0,0,134.0,-0.7407407407407408,0.3076923076923077,1012700.0,0.0417544,45.496800385140574,False,False,False,-
LAPD.JK,MONITOR,0,0,0,73.0,-1.3513513513513513,0.2959366972183158,32307585.0,0.697953,34.243344991817835,False,False,False,-
FITT.JK,MONITOR,0,0,0,250.0,0.0,0.27655090206556604,3473140.0,0.240125,26.830955743589385,False,False,False,-
SGRO.JK,MONITOR,0,0,0,5350.0,-3.6036036036036037,0.2738748798114202,322410.0,0.472405,30.671008726778823,False,False,False,-
ROCK.JK,MONITOR,0,0,0,2220.0,-3.896103896103896,0.269245401106925,407435.0,0.243534,47.32373727939363,False,False,False,-
IBOS.JK,MONITOR,0,0,0,109.0,-3.5398230088495577,0.2655809903391393,30346675.0,0.8784855,37.32199752614226,False,False,False,-
BINO.JK,MONITOR,0,0,0,119.0,-0.8333333333333334,0.2595808896283726,904535.0,0.0279412,37.91650613293052,False,False,False,-
TOSK.JK,MONITOR,0,0,0,61.0,-1.6129032258064515,0.25551132956019845,44802710.0,0.6983036,40.82840432199229,False,False,False,-
KOKA.JK,MONITOR,0,0,0,180.0,-3.225806451612903,0.25055134799582446,16366705.0,0.738126,35.95324853195241,False,False,False,-
PANR.JK,MONITOR,0,0,0,510.0,-0.9708737864077669,0.24921364626179532,537290.0,0.068289,30.876179163348738,False,False,False,-
NICE.JK,MONITOR,0,0,0,270.0,-3.571428571428571,0.24443863269729227,1930955.0,0.12744,35.429730789605,False,False,False,-
INCF.JK,MONITOR,0,0,0,54.0,-3.571428571428571,0.23949124213558723,18397750.0,0.2379294,38.00238962639299,False,False,False,-
GOOD.JK,MONITOR,0,0,0,344.0,0.0,0.23433979269941416,266280.0,0.0214656,44.46591849618918,False,False,False,-
HOPE.JK,MONITOR,0,0,0,210.0,-2.7777777777777777,0.1977270412568802,9033160.0,0.375081,40.854374505140306,False,False,False,-
PSSI.JK,MONITOR,0,0,0,342.0,0.0,0.19102095111406717,375875.0,0.0245556,40.592187257313064,False,False,False,-
ADMG.JK,MONITOR,0,0,0,200.0,-0.9900990099009901,0.17030574701563278,622410.0,0.0212,44.249476871809875,False,False,False,-
LPCK.JK,MONITOR,0,0,0,625.0,-1.574803149606299,0.15348115765929354,1473145.0,0.1413125,37.20951684294869,False,False,False,-
ASHA.JK,MONITOR,0,0,0,65.0,-2.9850746268656714,0.1492936074947828,101021740.0,0.9803235,41.25902109702493,False,False,False,-
SKLT.JK,MONITOR,0,0,0,212.0,0.0,0.1477125361479622,720995.0,0.022578,35.113574487577935,False,False,False,-
WOOD.JK,MONITOR,0,0,0,300.0,0.0,0.14225554183781583,2798485.0,0.11943,36.94409917034611,False,False,False,-
STRK.JK,MONITOR,0,0,0,94.0,-1.0526315789473684,0.1329435477700462,18297240.0,0.228655,25.418292142651936,False,False,False,-
LRNA.JK,MONITOR,0,0,0,197.0,-1.5,0.12970359857710465,1898945.0,0.0485211,45.03060005454156,False,False,False,-
DAAZ.JK,MONITOR,0,0,0,2450.0,-3.1620553359683794,0.1015719207192701,2782265.0,0.69237,34.763622929300766,False,False,False,-
CARS.JK,MONITOR,0,0,0,92.0,-2.127659574468085,0.1001701365631314,14541260.0,0.1340072,41.57510453196518,False,False,False,-
RODA.JK,MONITOR,0,0,0,55.0,-1.7857142857142856,0.09898912317886172,30544770.0,0.166298,43.61270455248931,False,False,False,-
HBAT.JK,MONITOR,0,0,0,324.0,5.88235294117647,0.08574104762590964,1526690.0,0.0424116,41.578883705670194,False,False,False,strong_daily_move
BIPP.JK,MONITOR,0,0,0,57.0,-1.7241379310344827,0.08357723214622922,27801830.0,0.1324452,39.53364184254706,False,False,False,-
CAMP.JK,MONITOR,0,0,0,197.0,0.0,0.08008240845351233,1203760.0,0.0189908,36.225636664290334,False,False,False,-
MDIA.JK,MONITOR,0,0,0,50.0,0.0,0.07694733394995593,138453140.0,0.53268,38.714288391399236,False,False,False,-
LAND.JK,MONITOR,0,0,0,57.0,-1.7241379310344827,0.07134877843729273,46383415.0,0.1886358,43.19611186488064,False,False,False,-
KMTR.JK,MONITOR,0,0,0,254.0,0.7936507936507936,0.04839601769911504,289280.0,0.003556,41.67593276528655,False,False,False,-
PTIS.JK,MONITOR,0,0,0,286.0,-4.026845637583892,0.03564289670784866,207615.0,0.0021164,42.512637168481525,False,False,False,-
